2009-01-02,835.8099975585938
2009-01-05,894.8170166015625
2009-01-06,869.4920043945312
2009-01-07,958.1300048828124
2009-01-08,945.4669799804688
2009-01-09,938.7139892578124
2009-01-12,941.2470092773438
2009-01-13,920.1420288085938
2009-01-14,928.7529907226562
2009-01-15,924.3629760742188
2009-01-16,945.4669799804688
2009-01-19,932.8049926757812
2009-01-20,937.0260009765624
2009-01-21,932.719970703125
2009-01-22,931.3699951171876
2009-01-23,935.6749877929688
2009-01-26,929.427978515625
2009-01-27,946.31201171875
2009-01-28,982.6110229492188
2009-01-29,1013.0
2009-01-30,996.1170043945312
2009-02-02,1011.72998046875
2009-02-03,1017.219970703125
2009-02-04,1020.5999755859376
2009-02-05,1008.8599853515624
2009-02-06,1030.31005859375
2009-02-09,1042.550048828125
2009-02-10,1055.2099609375
2009-02-11,1050.989990234375
2009-02-12,1046.77001953125
2009-02-13,1021.4400024414062
2009-02-16,1046.77001953125
2009-02-17,1034.0999755859377
2009-02-18,1038.3299560546877
2009-02-19,1029.8800048828123
2009-02-20,1029.800048828125
2009-02-23,996.1170043945312
2009-02-24,979.2340087890624
2009-02-25,1034.0999755859377
2009-02-26,970.7919921875
2009-02-27,958.1300048828124
2009-03-02,920.1420288085938
2009-03-03,890.5960083007812
2009-03-04,945.4669799804688
2009-03-05,922.083984375
2009-03-06,886.3759765625
2009-03-09,920.1420288085938
2009-03-10,945.4669799804688
2009-03-11,953.9089965820312
2009-03-12,945.4669799804688
2009-03-13,949.68798828125
2009-03-16,948.083984375
2009-03-17,962.3510131835938
2009-03-18,962.3510131835938
2009-03-19,987.676025390625
2009-03-20,996.1170043945312
2009-03-23,996.1170043945312
2009-03-24,1004.5599975585938
2009-03-25,1029.8800048828123
2009-03-26,1038.3299560546877
2009-03-27,1043.3900146484377
2009-03-30,1013.0
2009-03-31,1029.8800048828123
2009-04-01,1029.8800048828123
2009-04-02,1059.4300537109377
2009-04-03,1055.2099609375
2009-04-06,1055.2099609375
2009-04-07,1071.25
2009-04-08,1096.5699462890623
2009-04-09,1042.550048828125
2009-04-13,1084.760009765625
2009-04-14,1121.9000244140623
2009-04-15,1105.8599853515623
2009-04-16,1105.8599853515623
2009-04-17,1105.8599853515623
2009-04-20,1122.739990234375
2009-04-21,1122.739990234375
2009-04-22,1135.4100341796875
2009-04-23,1135.4100341796875
2009-04-24,1156.510009765625
2009-04-27,1126.030029296875
2009-04-28,1105.8599853515623
2009-04-29,1131.1800537109375
2009-04-30,1139.6300048828125
2009-05-04,1097.4200439453123
2009-05-05,1156.510009765625
2009-05-06,1164.949951171875
2009-05-07,1173.3900146484375
2009-05-08,1148.0699462890625
2009-05-11,1224.0400390625
2009-05-12,1232.47998046875
2009-05-13,1219.8199462890625
2009-05-14,1224.0400390625
2009-05-15,1224.0400390625
2009-05-18,1245.1500244140625
2009-05-19,1278.0699462890625
2009-05-20,1259.9200439453125
2009-05-22,1288.199951171875
2009-05-25,1308.4599609375
2009-05-26,1349.8199462890625
2009-05-27,1371.77001953125
2009-05-28,1290.8199462890625
2009-05-29,1295.800048828125
2009-06-01,1278.8299560546875
2009-06-02,1300.02001953125
2009-06-03,1321.1199951171875
2009-06-04,1323.06005859375
2009-06-05,1363.3299560546875
2009-06-08,1375.989990234375
2009-06-09,1392.6199951171875
2009-06-10,1384.4300537109375
2009-06-11,1367.550048828125
2009-06-12,1342.22998046875
2009-06-15,1349.8199462890625
2009-06-16,1300.02001953125
2009-06-17,1270.3900146484375
2009-06-18,1218.1300048828125
2009-06-19,1215.5999755859375
2009-06-22,1217.2900390625
2009-06-23,1202.93994140625
2009-06-24,1182.6800537109375
2009-06-25,1173.3900146484375
2009-06-26,1198.719970703125
2009-06-30,1215.5999755859375
2009-07-01,1182.6800537109375
2009-07-02,1199.1400146484375
2009-07-03,1207.1600341796875
2009-07-06,1207.1600341796875
2009-07-07,1212.219970703125
2009-07-08,1202.93994140625
2009-07-09,1198.719970703125
2009-07-10,1207.1600341796875
2009-07-13,1200.4100341796875
2009-07-14,1207.1600341796875
2009-07-15,1202.4300537109375
2009-07-17,1217.7099609375
2009-07-20,1236.7900390625
2009-07-21,1325.3399658203125
2009-07-22,1334.6300048828125
2009-07-23,1342.31005859375
2009-07-24,1342.22998046875
2009-07-27,1335.8900146484375
2009-07-28,1308.4599609375
2009-07-29,1325.3399658203125
2009-07-30,1338.010009765625
2009-07-31,1350.6700439453125
2009-08-03,1367.550048828125
2009-08-04,1401.3199462890625
2009-08-05,1401.739990234375
2009-08-06,1451.969970703125
2009-08-07,1443.530029296875
2009-08-10,1460.4100341796875
2009-08-11,1405.5400390625
2009-08-12,1384.4300537109375
2009-08-13,1369.6600341796875
2009-08-14,1384.4300537109375
2009-08-17,1404.68994140625
2009-08-18,1409.760009765625
2009-08-19,1397.93994140625
2009-08-20,1384.4300537109375
2009-08-21,1392.8800048828125
2009-08-24,1390.3399658203125
2009-08-25,1390.1700439453125
2009-08-26,1398.3599853515625
2009-08-27,1418.199951171875
2009-08-28,1380.2099609375
2009-08-31,1371.77001953125
2009-09-01,1367.550048828125
2009-09-02,1325.260009765625
2009-09-03,1333.699951171875
2009-09-04,1359.1099853515625
2009-09-07,1384.4300537109375
2009-09-08,1359.1099853515625
2009-09-09,1363.4100341796875
2009-09-10,1338.8499755859375
2009-09-11,1380.550048828125
2009-09-14,1401.3199462890625
2009-09-15,1418.199951171875
2009-09-16,1384.4300537109375
2009-09-17,1401.3199462890625
2009-09-21,1392.8800048828125
2009-09-22,1401.4000244140625
2009-09-23,1519.5
2009-09-24,1519.5
2009-09-25,1578.5899658203125
2009-09-28,1527.93994140625
2009-09-29,1578.5899658203125
2009-09-30,1612.3599853515625
2009-10-01,1637.6800537109375
2009-10-02,1640.219970703125
2009-10-05,1663.010009765625
2009-10-06,1659.6300048828125
2009-10-07,1646.1300048828125
2009-10-08,1663.010009765625
2009-10-09,1646.1300048828125
2009-10-13,1679.8900146484375
2009-10-14,1679.8900146484375
2009-10-15,1652.8800048828125
2009-10-16,1654.5699462890625
2009-10-19,1641.9100341796875
2009-10-20,1650.3499755859375
2009-10-21,1671.449951171875
2009-10-22,1620.800048828125
2009-10-23,1655.4100341796875
2009-10-26,1663.010009765625
2009-10-27,1629.239990234375
2009-10-28,1637.5999755859375
2009-10-29,1603.9200439453125
2009-10-30,1663.010009765625
2009-11-02,1612.3599853515625
2009-11-03,1595.47998046875
2009-11-04,1595.47998046875
2009-11-05,1646.1300048828125
2009-11-06,1637.6800537109375
2009-11-09,1629.239990234375
2009-11-10,1679.8900146484375
2009-11-11,1637.6800537109375
2009-11-12,1607.2099609375
2009-11-13,1607.550048828125
2009-11-16,1621.6500244140625
2009-11-17,1612.3599853515625
2009-11-18,1587.030029296875
2009-11-19,1561.7099609375
2009-11-20,1599.27001953125
2009-11-23,1567.6199951171875
2009-11-24,1536.3800048828125
2009-11-25,1565.9300537109375
2009-11-26,1553.27001953125
2009-11-27,1502.6199951171875
2009-11-30,1536.3800048828125
2009-12-01,1561.7099609375
2009-12-02,1625.02001953125
2009-12-03,1645.280029296875
2009-12-04,1640.97998046875
2009-12-07,1637.6800537109375
2009-12-09,1623.25
2009-12-10,1599.6099853515625
2009-12-11,1619.1099853515625
2009-12-14,1654.5699462890625
2009-12-15,1679.8900146484375
2009-12-16,1663.010009765625
2009-12-17,1629.3299560546875
2009-12-18,1671.449951171875
2009-12-21,1667.22998046875
2009-12-22,1696.780029296875
2009-12-23,1688.3299560546875
2009-12-24,1690.02001953125
2009-12-28,1700.9100341796875
2009-12-29,1696.780029296875
2009-12-30,1702.1800537109375
2010-01-04,1692.6400146484375
2010-01-05,1722.0999755859375
2010-01-06,1738.97998046875
2010-01-07,1751.6500244140625
2010-01-08,1764.31005859375
2010-01-11,1831.8399658203125
2010-01-12,1849.5699462890625
2010-01-13,1848.72998046875
2010-01-14,1852.949951171875
2010-01-15,1857.8399658203125
2010-01-18,1857.1700439453125
2010-01-19,1874.050048828125
2010-01-20,1874.050048828125
2010-01-21,1916.260009765625
2010-01-22,1899.3800048828125
2010-01-25,1899.3800048828125
2010-01-26,1899.3800048828125
2010-01-27,1882.489990234375
2010-01-28,1895.1600341796875
2010-01-29,1878.27001953125
2010-02-01,1933.1400146484373
2010-02-02,1924.699951171875
2010-02-03,1972.9000244140625
2010-02-04,1918.7900390625
2010-02-05,1869.8299560546875
2010-02-08,1827.6199951171875
2010-02-09,1839.43994140625
2010-02-10,1874.050048828125
2010-02-11,1840.199951171875
2010-02-12,1867.1300048828125
2010-02-15,1857.1700439453125
2010-02-16,1853.030029296875
2010-02-17,1874.050048828125
2010-02-18,1950.030029296875
2010-02-19,1932.300048828125
2010-02-22,1920.47998046875
2010-02-23,1941.5799560546875
2010-02-24,1952.1400146484373
2010-02-25,1899.550048828125
2010-02-26,1899.3800048828125
2010-03-01,1896.4200439453125
2010-03-02,1844.25
2010-03-03,1839.18994140625
2010-03-04,1893.550048828125
2010-03-05,1941.5799560546875
2010-03-08,1933.22998046875
2010-03-09,1915.8399658203125
2010-03-10,1915.8399658203125
2010-03-11,1907.8199462890625
2010-03-12,1931.8800048828125
2010-03-15,1903.5999755859373
2010-03-16,1882.4100341796875
2010-03-17,1916.260009765625
2010-03-18,1916.260009765625
2010-03-19,1941.5799560546875
2010-03-22,1940.6600341796875
2010-03-23,1928.9200439453125
2010-03-24,1891.780029296875
2010-03-25,1895.0699462890625
2010-03-26,1899.3800048828125
2010-03-29,1882.489990234375
2010-03-30,1873.8800048828125
2010-03-31,1875.9100341796875
2010-04-01,1868.22998046875
2010-04-05,1886.7099609375
2010-04-06,1882.489990234375
2010-04-07,1928.9200439453125
2010-04-08,1917.780029296875
2010-04-09,1899.1199951171875
2010-04-12,1874.1400146484373
2010-04-13,1882.489990234375
2010-04-14,1874.9000244140625
2010-04-15,1874.050048828125
2010-04-16,1882.489990234375
2010-04-19,1870.6700439453125
2010-04-20,1870.6700439453125
2010-04-21,1887.81005859375
2010-04-22,1895.239990234375
2010-04-23,1895.1600341796875
2010-04-26,1883.9300537109373
2010-04-27,1899.3800048828125
2010-04-28,1867.800048828125
2010-04-29,1867.800048828125
2010-04-30,1847.2099609375
2010-05-03,1872.18994140625
2010-05-04,1882.489990234375
2010-05-05,1882.489990234375
2010-05-06,1874.050048828125
2010-05-07,1865.6099853515625
2010-05-10,1826.52001953125
2010-05-11,1864.77001953125
2010-05-12,1890.9300537109373
2010-05-13,1847.1199951171875
2010-05-14,1872.530029296875
2010-05-17,1872.530029296875
2010-05-18,1840.280029296875
2010-05-19,1847.6300048828125
2010-05-20,1824.4100341796875
2010-05-24,1798.0799560546875
2010-05-25,1823.4000244140625
2010-05-26,1814.9599609375
2010-05-27,1845.8599853515625
2010-05-28,1874.81005859375
2010-05-31,1928.3299560546875
2010-06-01,1940.9100341796875
2010-06-02,1882.0699462890625
2010-06-03,1885.949951171875
2010-06-04,1885.949951171875
2010-06-07,1882.0699462890625
2010-06-08,1895.1600341796875
2010-06-09,1875.3199462890625
2010-06-10,1908.9200439453125
2010-06-11,1931.8800048828125
2010-06-14,1950.030029296875
2010-06-15,1983.7900390625
2010-06-16,2054.030029296875
2010-06-17,2067.449951171875
2010-06-18,2085.77001953125
2010-06-21,2100.6298828125
2010-06-22,2046.510009765625
2010-06-23,1983.7900390625
2010-06-24,2026.0
2010-06-25,2017.56005859375
2010-06-29,2068.2099609375
2010-06-30,2042.2099609375
2010-07-01,2017.56005859375
2010-07-02,1971.1300048828125
2010-07-05,1983.7900390625
2010-07-06,1983.7900390625
2010-07-07,1950.030029296875
2010-07-08,1992.489990234375
2010-07-09,2021.27001953125
2010-07-12,1985.8199462890625
2010-07-13,1968.8499755859373
2010-07-14,1960.239990234375
2010-07-15,1941.5799560546875
2010-07-19,2026.0
2010-07-20,1916.260009765625
2010-07-21,1933.1400146484373
2010-07-22,1981.3499755859373
2010-07-23,2006.5899658203125
2010-07-26,2002.8699951171875
2010-07-27,2047.1099853515625
2010-07-28,2042.8800048828125
2010-07-29,2015.3599853515625
2010-07-30,2025.8299560546875
2010-08-02,2034.43994140625
2010-08-03,2034.27001953125
2010-08-04,2009.1199951171875
2010-08-05,2021.18994140625
2010-08-06,2024.5699462890625
2010-08-09,2014.27001953125
2010-08-10,2012.4100341796875
2010-08-11,2004.9000244140625
2010-08-12,1937.3599853515625
2010-08-13,1931.5400390625
2010-08-16,1949.1800537109373
2010-08-17,1941.5799560546875
2010-08-18,1954.5
2010-08-19,1968.1800537109373
2010-08-20,1975.3499755859373
2010-08-23,2005.739990234375
2010-08-24,1999.8299560546875
2010-08-25,1966.9100341796875
2010-08-26,1956.6099853515625
2010-08-27,1938.3800048828125
2010-08-30,1957.7900390625
2010-08-31,1925.3800048828125
2010-09-01,1977.719970703125
2010-09-02,1997.300048828125
2010-09-03,1973.8299560546875
2010-09-06,1991.9000244140625
2010-09-07,2004.9000244140625
2010-09-08,1992.22998046875
2010-09-09,1992.4000244140625
2010-09-10,1991.3900146484373
2010-09-13,2009.1199951171875
2010-09-14,2068.1298828125
2010-09-15,2061.2900390625
2010-09-16,2046.6800537109373
2010-09-21,2051.330078125
2010-09-22,2096.239990234375
2010-09-23,2093.530029296875
2010-09-24,2088.469970703125
2010-09-27,2082.72998046875
2010-09-28,2085.260009765625
2010-09-29,2095.81005859375
2010-09-30,2108.050048828125
2010-10-01,2197.030029296875
2010-10-04,2186.389892578125
2010-10-05,2177.949951171875
2010-10-06,2171.8701171875
2010-10-07,2169.510009765625
2010-10-08,2110.419921875
2010-10-12,2101.719970703125
2010-10-13,2044.0699462890625
2010-10-14,2127.550048828125
2010-10-15,2131.52001953125
2010-10-18,2093.530029296875
2010-10-19,2060.360107421875
2010-10-20,2090.580078125
2010-10-21,2067.530029296875
2010-10-22,2134.389892578125
2010-10-25,2137.010009765625
2010-10-26,2150.260009765625
2010-10-27,2150.429931640625
2010-10-28,2227.669921875
2010-10-29,2209.02001953125
2010-11-02,2228.60009765625
2010-11-03,2282.4599609375
2010-11-04,2275.030029296875
2010-11-05,2266.840087890625
2010-11-08,2275.030029296875
2010-11-09,2320.780029296875
2010-11-10,2363.669921875
2010-11-11,2345.77001953125
2010-11-12,2305.340087890625
2010-11-15,2266.419921875
2010-11-16,2284.820068359375
2010-11-17,2228.52001953125
2010-11-18,2253.929931640625
2010-11-19,2270.97998046875
2010-11-22,2278.320068359375
2010-11-23,2240.0
2010-11-24,2253.929931640625
2010-11-25,2253.929931640625
2010-11-26,2203.360107421875
2010-11-29,2214.080078125
2010-11-30,2244.72998046875
2010-12-01,2219.39990234375
2010-12-02,2255.449951171875
2010-12-03,2255.610107421875
2010-12-06,2217.0400390625
2010-12-07,2180.989990234375
2010-12-09,2186.389892578125
2010-12-10,2148.739990234375
2010-12-13,2110.419921875
2010-12-14,2130.260009765625
2010-12-15,2167.39990234375
2010-12-16,2169.340087890625
2010-12-17,2179.050048828125
2010-12-20,2193.64990234375
2010-12-21,2167.39990234375
2010-12-22,2123.080078125
2010-12-23,2081.719970703125
2010-12-24,2073.360107421875
2010-12-27,2068.1298828125
2010-12-28,2026.0
2010-12-29,2040.27001953125
2010-12-30,2064.330078125
2011-01-03,2097.669921875
2011-01-04,2106.199951171875
2011-01-05,2135.739990234375
2011-01-06,2183.610107421875
2011-01-07,2091.85009765625
2011-01-10,2038.6600341796875
2011-01-11,1977.969970703125
2011-01-12,1954.25
2011-01-13,2034.43994140625
2011-01-14,2047.530029296875
2011-01-17,2063.139892578125
2011-01-18,2070.739990234375
2011-01-19,2080.8701171875
2011-01-20,2066.10009765625
2011-01-21,2059.77001953125
2011-01-24,2059.77001953125
2011-01-25,2102.14990234375
2011-01-26,2079.93994140625
2011-01-27,2042.8800048828125
2011-01-28,2020.510009765625
2011-01-31,1967.25
2011-02-01,2015.9599609375
2011-02-02,2026.0
2011-02-03,2009.030029296875
2011-02-04,1949.52001953125
2011-02-07,1983.7900390625
2011-02-08,1958.469970703125
2011-02-09,1922.0
2011-02-10,1902.6700439453125
2011-02-11,1890.9300537109373
2011-02-14,1962.68994140625
2011-02-15,1968.6800537109373
2011-02-16,1938.0400390625
2011-02-17,1900.6400146484373
2011-02-18,1899.3800048828125
2011-02-21,1905.6199951171875
2011-02-22,1909.25
2011-02-23,1859.8699951171875
2011-02-24,1827.280029296875
2011-02-25,1775.280029296875
2011-02-28,1783.3900146484375
2011-03-01,1844.510009765625
2011-03-02,1798.0799560546875
2011-03-03,1814.9599609375
2011-03-04,1802.469970703125
2011-03-07,1839.6099853515625
2011-03-08,1827.6199951171875
2011-03-09,1823.4000244140625
2011-03-10,1791.3199462890625
2011-03-11,1730.5400390625
2011-03-14,1755.8699951171875
2011-03-15,1746.4100341796875
2011-03-16,178.11900329589844
2011-03-17,1781.18994140625
2011-03-18,1786.6800537109375
2011-03-21,1884.1800537109373
2011-03-22,1962.3499755859373
2011-03-23,1953.0699462890625
2011-03-24,1950.3599853515625
2011-03-25,1966.489990234375
2011-03-28,1982.27001953125
2011-03-29,1975.3499755859373
2011-03-30,1958.469970703125
2011-03-31,1958.469970703125
2011-04-01,1967.0799560546875
2011-04-04,1993.25
2011-04-05,2092.68994140625
2011-04-06,2081.889892578125
2011-04-07,2087.8798828125
2011-04-08,2060.43994140625
2011-04-11,2030.219970703125
2011-04-12,2001.8599853515625
2011-04-13,2000.9300537109373
2011-04-14,2009.2900390625
2011-04-15,2020.3499755859373
2011-04-18,2001.43994140625
2011-04-19,2003.2099609375
2011-04-20,2009.199951171875
2011-04-21,2026.0899658203125
2011-04-25,2039.510009765625
2011-04-26,2047.699951171875
2011-04-27,2089.39990234375
2011-04-28,2109.14990234375
2011-04-29,2099.8701171875
2011-05-02,2157.10009765625
2011-05-03,2178.0400390625
2011-05-04,2140.300048828125
2011-05-05,2097.840087890625
2011-05-06,2127.300048828125
2011-05-09,2127.219970703125
2011-05-10,2115.39990234375
2011-05-11,2142.580078125
2011-05-12,2122.239990234375
2011-05-13,2116.75
2011-05-16,2108.389892578125
2011-05-17,2124.010009765625
2011-05-18,2109.320068359375
2011-05-19,2097.0
2011-05-20,2059.179931640625
2011-05-23,2057.14990234375
2011-05-24,2032.3299560546875
2011-05-25,2030.72998046875
2011-05-26,2042.8800048828125
2011-05-27,2057.239990234375
2011-05-30,2054.6201171875
2011-05-31,2069.89990234375
2011-06-01,2068.1298828125
2011-06-02,2072.429931640625
2011-06-03,2062.550048828125
2011-06-06,2049.550048828125
2011-06-07,2034.699951171875
2011-06-08,2026.6800537109373
2011-06-09,2052.929931640625
2011-06-10,2022.6199951171875
2011-06-13,1983.8800048828125
2011-06-14,1943.0999755859373
2011-06-15,1912.0400390625
2011-06-16,1882.489990234375
2011-06-17,1887.469970703125
2011-06-20,1871.77001953125
2011-06-21,192.88400268554688
2011-06-22,1937.530029296875
2011-06-23,2058.919921875
2011-06-24,2028.530029296875
2011-06-28,2058.080078125
2011-06-29,2098.35009765625
2011-06-30,2058.669921875
2011-07-01,2101.97998046875
2011-07-04,2101.97998046875
2011-07-05,2099.360107421875
2011-07-06,2136.669921875
2011-07-07,2092.179931640625
2011-07-08,2098.010009765625
2011-07-11,2096.239990234375
2011-07-12,2110.419921875
2011-07-13,2064.5
2011-07-14,2063.47998046875
2011-07-15,2051.330078125
2011-07-18,2096.659912109375
2011-07-19,2042.800048828125
2011-07-20,2000.6800537109373
2011-07-21,1955.010009765625
2011-07-22,1938.2900390625
2011-07-25,1930.780029296875
2011-07-26,1901.8199462890625
2011-07-27,1857.8399658203125
2011-07-28,1816.22998046875
2011-07-29,1839.6099853515625
2011-08-01,1855.9000244140625
2011-08-02,1907.72998046875
2011-08-03,1833.8699951171875
2011-08-04,1802.300048828125
2011-08-05,1756.5400390625
2011-08-08,1688.3299560546875
2011-08-09,1612.3599853515625
2011-08-10,1730.6300048828125
2011-08-11,1806.5999755859373
2011-08-12,1812.260009765625
2011-08-16,1782.6300048828125
2011-08-17,1729.530029296875
2011-08-18,1671.449951171875
2011-08-19,1659.6300048828125
2011-08-22,1647.6500244140625
2011-08-23,1626.4599609375
2011-08-24,1619.199951171875
2011-08-25,1619.530029296875
2011-08-26,1606.449951171875
2011-08-29,1650.3499755859375
2011-08-30,1692.3900146484375
2011-08-31,1713.0699462890625
2011-09-01,1687.6600341796875
2011-09-02,1656.3399658203125
2011-09-05,1612.3599853515625
2011-09-06,1566.52001953125
2011-09-07,1612.3599853515625
2011-09-08,1642.75
2011-09-09,1620.800048828125
2011-09-12,1582.9000244140625
2011-09-13,1535.5400390625
2011-09-14,1541.030029296875
2011-09-15,1548.7099609375
2011-09-16,1549.81005859375
2011-09-20,1563.6500244140625
2011-09-21,1564.9200439453125
2011-09-22,1477.2900390625
2011-09-23,1395.4100341796875
2011-09-26,1411.8699951171875
2011-09-27,1494.1800537109375
2011-09-28,1517.47998046875
2011-09-29,1498.6500244140625
2011-09-30,1495.27001953125
2011-10-03,1512.0699462890625
2011-10-04,1417.6099853515625
2011-10-05,1351.8499755859375
2011-10-06,1363.4100341796875
2011-10-07,1436.010009765625
2011-10-11,1451.6300048828125
2011-10-12,1526.3399658203125
2011-10-13,1585.6800537109375
2011-10-14,1565.260009765625
2011-10-17,1527.43994140625
2011-10-18,1542.0400390625
2011-10-19,1560.27001953125
2011-10-20,1581.2099609375
2011-10-21,1558.3299560546875
2011-10-24,1568.719970703125
2011-10-25,1625.3599853515625
2011-10-26,1568.6300048828125
2011-10-27,1607.2099609375
2011-10-28,1685.800048828125
2011-11-02,1718.300048828125
2011-11-03,1668.75
2011-11-04,1646.719970703125
2011-11-07,1634.9000244140625
2011-11-08,1655.3299560546875
2011-11-09,1676.4300537109375
2011-11-10,1629.9200439453125
2011-11-11,1623.760009765625
2011-11-14,1667.9100341796875
2011-11-15,1669.260009765625
2011-11-16,1675.5899658203125
2011-11-17,1677.3599853515625
2011-11-18,1637.5999755859375
2011-11-21,1609.5699462890625
2011-11-22,1561.7099609375
2011-11-23,1550.989990234375
2011-11-24,1507.8499755859375
2011-11-25,1499.0699462890625
2011-11-28,1460.5799560546875
2011-11-29,1499.75
2011-11-30,1478.3900146484375
2011-12-01,1513.6800537109375
2011-12-02,1504.72998046875
2011-12-05,1532.75
2011-12-06,1529.1199951171875
2011-12-07,1524.4000244140625
2011-12-09,1528.030029296875
2011-12-12,1550.31005859375
2011-12-13,1540.77001953125
2011-12-14,1561.5400390625
2011-12-15,1536.300048828125
2011-12-16,1580.530029296875
2011-12-19,1572.6800537109375
2011-12-20,1574.030029296875
2011-12-21,1611.010009765625
2011-12-22,1644.1800537109375
2011-12-23,1650.4300537109375
2011-12-26,1651.18994140625
2011-12-27,1629.239990234375
2011-12-28,1617.0899658203125
2011-12-29,1602.22998046875
2011-12-30,1603.75
2012-01-02,1609.8299560546875
2012-01-03,1603.9200439453125
2012-01-04,1620.6300048828125
2012-01-05,1628.8199462890625
2012-01-06,1624.0899658203125
2012-01-09,1622.739990234375
2012-01-10,1640.719970703125
2012-01-11,1650.8499755859375
2012-01-12,1662.9300537109375
2012-01-13,1680.31005859375
2012-01-16,1640.8900146484375
2012-01-17,1625.699951171875
2012-01-18,1652.4599609375
2012-01-19,1679.719970703125
2012-01-20,1671.7900390625
2012-01-23,1669.4300537109375
2012-01-24,1633.550048828125
2012-01-25,1628.31005859375
2012-01-26,1624.93994140625
2012-01-27,1610.25
2012-01-30,1623.0
2012-01-31,1627.219970703125
2012-02-01,1652.1199951171875
2012-02-02,1676.010009765625
2012-02-03,1700.9100341796875
2012-02-06,1711.1300048828125
2012-02-07,1712.47998046875
2012-02-08,1703.699951171875
2012-02-09,1734.9300537109375
2012-02-10,1775.280029296875
2012-02-13,1811.75
2012-02-14,1853.5400390625
2012-02-15,1851.77001953125
2012-02-16,1852.43994140625
2012-02-17,1838.010009765625
2012-02-20,1820.18994140625
2012-02-21,1806.52001953125
2012-02-22,1801.449951171875
2012-02-23,1805.9300537109373
2012-02-24,1787.8599853515625
2012-02-27,1799.6800537109375
2012-02-28,1785.0799560546875
2012-02-29,1798.25
2012-03-01,1781.1099853515625
2012-03-02,1790.31005859375
2012-03-05,1797.489990234375
2012-03-06,1788.7900390625
2012-03-07,1776.300048828125
2012-03-08,1767.3499755859375
2012-03-09,1757.300048828125
2012-03-12,1753.5899658203125
2012-03-13,1741.52001953125
2012-03-14,1725.9000244140625
2012-03-15,1704.3699951171875
2012-03-16,1706.5699462890625
2012-03-19,1707.6700439453125
2012-03-20,1754.77001953125
2012-03-21,1763.1300048828125
2012-03-22,1744.300048828125
2012-03-23,1723.280029296875
2012-03-26,1747.3399658203125
2012-03-27,1756.8800048828125
2012-03-28,1778.8299560546875
2012-03-29,1783.56005859375
2012-03-30,1773.1700439453125
2012-04-02,1766.4200439453125
2012-04-03,1759.4100341796875
2012-04-04,1751.22998046875
2012-04-05,1723.3699951171875
2012-04-09,1716.530029296875
2012-04-10,1709.3499755859375
2012-04-11,1699.6500244140625
2012-04-12,1671.449951171875
2012-04-13,1678.5400390625
2012-04-16,1666.050048828125
2012-04-17,1699.56005859375
2012-04-18,1685.4599609375
2012-04-19,1683.93994140625
2012-04-20,1695.3399658203125
2012-04-23,1724.8900146484375
2012-04-24,1681.1600341796875
2012-04-25,1683.780029296875
2012-04-26,1688.3299560546875
2012-04-27,1686.9000244140625
2012-04-30,1683.27001953125
2012-05-02,1683.780029296875
2012-05-03,1692.6400146484375
2012-05-04,1680.8199462890625
2012-05-07,1677.43994140625
2012-05-08,1675.760009765625
2012-05-09,1665.6300048828125
2012-05-10,1651.6099853515625
2012-05-11,1654.1500244140625
2012-05-14,1636.5899658203125
2012-05-15,1604.4200439453125
2012-05-16,1566.77001953125
2012-05-17,1536.3800048828125
2012-05-18,1523.1300048828125
2012-05-22,1501.93994140625
2012-05-23,1481.5999755859375
2012-05-24,1480.6700439453125
2012-05-25,1527.77001953125
2012-05-28,1543.1400146484375
2012-05-29,1554.449951171875
2012-05-30,1545.5
2012-05-31,1582.050048828125
2012-06-01,1623.25
2012-06-04,1584.5
2012-06-05,1551.4100341796875
2012-06-06,1556.31005859375
2012-06-07,1585.1800537109375
2012-06-08,1548.4599609375
2012-06-11,1567.8699951171875
2012-06-12,1537.22998046875
2012-06-13,1550.22998046875
2012-06-14,1560.780029296875
2012-06-15,1571.4200439453125
2012-06-18,1634.6500244140625
2012-06-19,1645.9599609375
2012-06-20,1636.9200439453125
2012-06-21,1676.0899658203125
2012-06-22,1628.9100341796875
2012-06-25,1619.530029296875
2012-06-26,1621.72998046875
2012-06-27,1618.8599853515625
2012-06-28,1620.2900390625
2012-06-29,1626.7099609375
2012-07-03,1686.1400146484375
2012-07-04,1682.6800537109375
2012-07-05,1671.449951171875
2012-07-06,1688.3299560546875
2012-07-09,1687.5699462890625
2012-07-10,1694.1600341796875
2012-07-11,1686.56005859375
2012-07-12,1668.4100341796875
2012-07-13,1650.4300537109375
2012-07-17,1650.4300537109375
2012-07-18,1669.4300537109375
2012-07-19,1679.3900146484375
2012-07-20,1673.47998046875
2012-07-23,1662.4200439453125
2012-07-24,1627.219970703125
2012-07-25,1589.8199462890625
2012-07-26,1571.0
2012-07-27,1577.5799560546875
2012-07-30,1599.18994140625
2012-07-31,1580.449951171875
2012-08-01,1534.18994140625
2012-08-02,1492.3199462890625
2012-08-03,1477.3800048828125
2012-08-06,1504.050048828125
2012-08-07,1509.7900390625
2012-08-08,1504.050048828125
2012-08-09,1520.6800537109375
2012-08-10,1520.77001953125
2012-08-13,1538.9200439453125
2012-08-14,1554.1099853515625
2012-08-16,1547.8699951171875
2012-08-17,1554.530029296875
2012-08-20,1580.280029296875
2012-08-21,1592.27001953125
2012-08-22,1571.5899658203125
2012-08-23,1545.25
2012-08-24,1531.8299560546875
2012-08-27,1504.1400146484375
2012-08-28,1465.1400146484375
2012-08-29,1496.1199951171875
2012-08-30,1506.5899658203125
2012-08-31,1485.72998046875
2012-09-03,1506.25
2012-09-04,1477.6300048828125
2012-09-05,1461.5899658203125
2012-09-06,1450.7900390625
2012-09-07,1461.4200439453125
2012-09-10,1479.1500244140625
2012-09-11,1493.9200439453125
2012-09-12,1489.9599609375
2012-09-13,1488.5999755859375
2012-09-14,1490.969970703125
2012-09-20,1502.530029296875
2012-09-21,1484.81005859375
2012-09-24,1500.760009765625
2012-09-25,1507.3499755859375
2012-09-26,1526.9300537109375
2012-09-27,1531.6600341796875
2012-09-28,1555.800048828125
2012-10-01,1576.739990234375
2012-10-02,1557.489990234375
2012-10-03,1565.8499755859375
2012-10-04,1543.31005859375
2012-10-05,1536.3800048828125
2012-10-08,1562.219970703125
2012-10-09,1575.469970703125
2012-10-10,1556.97998046875
2012-10-11,1554.449951171875
2012-10-12,1557.5699462890625
2012-10-16,1556.97998046875
2012-10-17,1570.0699462890625
2012-10-18,1573.1099853515625
2012-10-19,1572.0899658203125
2012-10-22,1555.0400390625
2012-10-23,1584.8399658203125
2012-10-24,1575.6400146484375
2012-10-25,1547.3599853515625
2012-10-26,1536.050048828125
2012-10-29,1536.219970703125
2012-10-30,1531.489990234375
2012-10-31,1534.6099853515625
2012-11-05,1546.8499755859375
2012-11-06,1560.6099853515625
2012-11-07,1555.719970703125
2012-11-08,1557.1500244140625
2012-11-09,1564.3299560546875
2012-11-12,1561.5400390625
2012-11-13,1553.68994140625
2012-11-14,1541.9599609375
2012-11-15,1531.9100341796875
2012-11-16,1498.9000244140625
2012-11-19,1541.1099853515625
2012-11-20,1528.449951171875
2012-11-21,1527.93994140625
2012-11-22,1511.06005859375
2012-11-23,1489.9599609375
2012-11-26,1469.530029296875
2012-11-27,1453.989990234375
2012-11-28,1437.18994140625
2012-11-29,1446.47998046875
2012-11-30,1464.2900390625
2012-12-03,1472.9000244140625
2012-12-04,1482.02001953125
2012-12-05,1468.0899658203125
2012-12-06,1472.9000244140625
2012-12-07,1422.9300537109375
2012-12-10,1426.6400146484375
2012-12-11,1412.2099609375
2012-12-12,1453.989990234375
2012-12-13,1468.510009765625
2012-12-14,1460.4100341796875
2012-12-17,1469.18994140625
2012-12-18,1474.0
2012-12-19,1467.5
2012-12-20,1484.3800048828125
2012-12-21,1490.2900390625
2012-12-24,1485.5699462890625
2012-12-26,1483.7900390625
2012-12-27,1489.9599609375
2012-12-28,1491.050048828125
2013-01-02,1492.4000244140625
2013-01-03,1512.239990234375
2013-01-04,1513.5899658203125
2013-01-07,1564.5
2013-01-08,1570.6600341796875
2013-01-09,1598.77001953125
2013-01-10,1604.8499755859375
2013-01-11,1599.6099853515625
2013-01-14,1585.8499755859375
2013-01-15,1585.260009765625
2013-01-16,1569.81005859375
2013-01-17,1580.699951171875
2013-01-18,1586.1099853515625
2013-01-21,1602.1500244140625
2013-01-22,1583.4000244140625
2013-01-23,1595.47998046875
2013-01-24,1578.510009765625
2013-01-25,1571.5899658203125
2013-01-28,1573.3599853515625
2013-01-29,1561.7099609375
2013-01-30,1570.6600341796875
2013-01-31,1557.9100341796875
2013-02-01,1541.9599609375
2013-02-04,1556.97998046875
2013-02-05,1559.510009765625
2013-02-06,1574.9599609375
2013-02-07,1597.6700439453125
2013-02-08,1588.550048828125
2013-02-11,1591.0
2013-02-12,1612.43994140625
2013-02-13,1617.3399658203125
2013-02-14,1624.1800537109375
2013-02-15,1617.0
2013-02-18,1626.8800048828125
2013-02-19,1623.3299560546875
2013-02-20,1620.8900146484375
2013-02-21,1570.3199462890625
2013-02-22,1566.43994140625
2013-02-25,1564.9200439453125
2013-02-26,1538.5799560546875
2013-02-27,1537.4000244140625
2013-02-28,1532.3299560546875
2013-03-01,1540.52001953125
2013-03-04,1536.3800048828125
2013-03-05,1529.2099609375
2013-03-06,1530.1400146484375
2013-03-07,1518.3199462890625
2013-03-08,1507.260009765625
2013-03-11,1515.280029296875
2013-03-12,1509.2900390625
2013-03-13,1490.6300048828125
2013-03-14,1456.43994140625
2013-03-15,1444.030029296875
2013-03-18,1429.1800537109375
2013-03-19,1435.760009765625
2013-03-20,1469.43994140625
2013-03-21,1468.8499755859375
2013-03-22,1454.25
2013-03-25,1440.1500244140625
2013-03-26,1413.72998046875
2013-03-27,1425.7099609375
2013-03-28,1439.31005859375
2013-04-01,1450.3599853515625
2013-04-02,1433.31005859375
2013-04-03,1448.0799560546875
2013-04-04,1423.52001953125
2013-04-05,1435.0799560546875
2013-04-08,1413.219970703125
2013-04-09,1409.5899658203125
2013-04-10,1431.7099609375
2013-04-11,1438.0400390625
2013-04-12,1436.0999755859375
2013-04-15,1430.949951171875
2013-04-16,1380.6400146484375
2013-04-17,1380.8900146484375
2013-04-18,1378.8599853515625
2013-04-19,1395.3199462890625
2013-04-22,1431.199951171875
2013-04-23,1418.1199951171875
2013-04-24,1423.77001953125
2013-04-25,1453.1500244140625
2013-04-26,1444.1199951171875
2013-04-29,1444.199951171875
2013-04-30,1456.18994140625
2013-05-02,1449.1800537109375
2013-05-03,1484.6400146484375
2013-05-06,1742.5999755859375
2013-05-07,1746.18994140625
2013-05-08,1739.02001953125
2013-05-09,1740.81005859375
2013-05-10,1742.9000244140625
2013-05-13,1728.1600341796875
2013-05-14,1721.0899658203125
2013-05-15,1718.0999755859375
2013-05-16,1701.1700439453125
2013-05-17,1698.1800537109375
2013-05-20,1699.469970703125
2013-05-22,1688.1199951171875
2013-05-23,1683.239990234375
2013-05-24,1670.7900390625
2013-05-27,1656.050048828125
2013-05-28,1643.4000244140625
2013-05-29,1584.739990234375
2013-05-30,1604.6600341796875
2013-05-31,1624.47998046875
2013-06-03,1637.719970703125
2013-06-04,1627.8599853515625
2013-06-05,1641.6099853515625
2013-06-06,1633.239990234375
2013-06-07,1639.6199951171875
2013-06-10,1600.27001953125
2013-06-11,1508.8399658203125
2013-06-12,1506.449951171875
2013-06-13,1543.699951171875
2013-06-14,1536.6300048828125
2013-06-17,1529.06005859375
2013-06-18,1514.52001953125
2013-06-19,1523.8800048828125
2013-06-20,1469.0999755859375
2013-06-21,1489.02001953125
2013-06-24,1498.97998046875
2013-06-25,1504.260009765625
2013-06-26,1533.93994140625
2013-06-27,1523.97998046875
2013-06-28,1546.989990234375
2013-07-01,1554.1600341796875
2013-07-02,1513.9200439453125
2013-07-03,1492.010009765625
2013-07-04,1497.5899658203125
2013-07-05,1496.68994140625
2013-07-08,1487.030029296875
2013-07-09,1433.43994140625
2013-07-10,1413.719970703125
2013-07-11,1422.2900390625
2013-07-12,1422.18994140625
2013-07-15,1513.9200439453125
2013-07-17,1501.6700439453125
2013-07-18,1587.719970703125
2013-07-19,1600.0699462890625
2013-07-22,1530.449951171875
2013-07-23,1560.72998046875
2013-07-24,1520.3900146484375
2013-07-25,1553.6600341796875
2013-07-26,1548.8800048828125
2013-07-29,1518.699951171875
2013-07-30,1512.719970703125
2013-07-31,1500.8699951171875
2013-08-01,1517.31005859375
2013-08-02,1595.18994140625
2013-08-05,1593.0
2013-08-06,1581.6500244140625
2013-08-07,1506.550048828125
2013-08-08,1495.8900146484375
2013-08-09,1547.2900390625
2013-08-12,1545.8900146484375
2013-08-13,1563.3199462890625
2013-08-14,1566.7099609375
2013-08-16,1569.300048828125
2013-08-19,1534.239990234375
2013-08-20,1531.949951171875
2013-08-21,1550.6700439453125
2013-08-22,1533.8399658203125
2013-08-23,1559.739990234375
2013-08-26,1551.77001953125
2013-08-27,1548.0799560546875
2013-08-28,1467.1099853515625
2013-08-29,1450.969970703125
2013-08-30,1503.9599609375
2013-09-02,1499.6800537109375
2013-09-03,1494.0
2013-09-04,1474.0799560546875
2013-09-05,1543.800048828125
2013-09-06,1543.800048828125
2013-09-09,1618.300048828125
2013-09-10,1618.300048828125
2013-09-11,1648.3800048828125
2013-09-12,1633.0400390625
2013-09-13,1608.0400390625
2013-09-16,1582.6400146484375
2013-09-17,1603.1600341796875
2013-09-23,1662.3199462890625
2013-09-24,1662.3199462890625
2013-09-25,1621.5899658203125
2013-09-26,1605.6500244140625
2013-09-27,1605.6500244140625
2013-09-30,1565.81005859375
2013-10-01,1565.81005859375
2013-10-02,1547.780029296875
2013-10-03,1521.18994140625
2013-10-04,1509.93994140625
2013-10-07,1518.9000244140625
2013-10-08,1518.300048828125
2013-10-09,1494.0
2013-10-10,1494.0
2013-10-11,1501.8699951171875
2013-10-14,1526.0699462890625
2013-10-15,1528.8599853515625
2013-10-16,1534.93994140625
2013-10-17,1526.5699462890625
2013-10-18,1518.5999755859375
2013-10-21,1525.3699951171875
2013-10-22,1532.8399658203125
2013-10-23,1532.8399658203125
2013-10-24,1518.699951171875
2013-10-25,1529.56005859375
2013-10-28,1525.27001953125
2013-10-29,1522.3900146484375
2013-10-30,1517.9000244140625
2013-11-04,1512.9200439453125
2013-11-05,1501.8699951171875
2013-11-06,1501.8699951171875
2013-11-07,1486.530029296875
2013-11-08,1477.8599853515625
2013-11-11,1429.4599609375
2013-11-12,1375.6800537109375
2013-11-13,1375.6800537109375
2013-11-14,1376.1700439453125
2013-11-15,1354.760009765625
2013-11-18,1395.4000244140625
2013-11-19,1399.0799560546875
2013-11-20,1393.699951171875
2013-11-21,1378.9599609375
2013-11-22,1360.5400390625
2013-11-25,1374.3800048828125
2013-11-26,1365.3199462890625
2013-11-27,1345.199951171875
2013-11-28,1375.47998046875
2013-11-29,1374.47998046875
2013-12-02,1383.43994140625
2013-12-03,1365.1199951171875
2013-12-04,1342.4100341796875
2013-12-05,1343.699951171875
2013-12-06,1348.2900390625
2013-12-09,1320.800048828125
2013-12-10,1320.800048828125
2013-12-11,1314.719970703125
2013-12-12,1299.3800048828125
2013-12-13,1298.97998046875
2013-12-16,1305.760009765625
2013-12-17,1338.52001953125
2013-12-18,1328.4599609375
2013-12-19,1330.6600341796875
2013-12-20,1302.77001953125
2013-12-23,1316.4100341796875
2013-12-24,1291.9100341796875
2013-12-26,1283.449951171875
2013-12-27,1288.030029296875
2013-12-30,1303.1700439453125
2014-01-02,1280.8599853515625
2014-01-03,1287.4300537109375
2014-01-06,1304.760009765625
2014-01-07,1297.8900146484375
2014-01-08,1285.239990234375
2014-01-09,1291.31005859375
2014-01-10,1282.1500244140625
2014-01-13,1283.1500244140625
2014-01-14,1282.1500244140625
2014-01-15,1277.469970703125
2014-01-16,1290.219970703125
2014-01-17,1275.47998046875
2014-01-20,1271.0999755859375
2014-01-21,1284.5400390625
2014-01-22,1280.9599609375
2014-01-23,1290.3199462890625
2014-01-24,1275.5799560546875
2014-01-27,1220.0999755859375
2014-01-28,1220.0999755859375
2014-01-29,1160.3399658203125
2014-01-30,1160.3399658203125
2014-01-31,1140.02001953125
2014-02-03,1169.300048828125
2014-02-04,1150.280029296875
2014-02-05,1156.8499755859375
2014-02-06,1169.9000244140625
2014-02-07,1179.06005859375
2014-02-10,1234.8399658203125
2014-02-11,1258.550048828125
2014-02-12,1307.6500244140625
2014-02-13,1323.2900390625
2014-02-14,1319.0
2014-02-17,1354.06005859375
2014-02-18,1351.6700439453125
2014-02-19,1353.56005859375
2014-02-20,1321.68994140625
2014-02-21,1330.6600341796875
2014-02-24,1337.72998046875
2014-02-25,1353.4599609375
2014-02-26,1345.8900146484375
2014-02-27,1328.4599609375
2014-02-28,1331.25
2014-03-03,1340.02001953125
2014-03-04,1297.2900390625
2014-03-05,1299.780029296875
2014-03-06,1294.9000244140625
2014-03-07,1273.2900390625
2014-03-10,1232.1500244140625
2014-03-11,1216.02001953125
2014-03-12,1192.2099609375
2014-03-13,1168.010009765625
2014-03-14,1190.1199951171875
2014-03-17,1175.6800537109375
2014-03-18,1175.8800048828125
2014-03-19,1185.739990234375
2014-03-20,1175.3800048828125
2014-03-21,1190.4200439453125
2014-03-24,1211.72998046875
2014-03-25,1239.219970703125
2014-03-26,1272.989990234375
2014-03-27,1264.1199951171875
2014-03-28,1257.75
2014-03-31,1259.8399658203125
2014-04-01,1253.9599609375
2014-04-02,1254.9599609375
2014-04-03,1260.1400146484375
2014-04-04,1229.4599609375
2014-04-07,1210.1400146484375
2014-04-08,1210.1400146484375
2014-04-09,1219.0999755859375
2014-04-10,1226.469970703125
2014-04-11,1269.9000244140625
2014-04-14,1266.7099609375
2014-04-15,1258.93994140625
2014-04-16,1258.93994140625
2014-04-17,1287.8299560546875
2014-04-21,1282.949951171875
2014-04-22,1283.739990234375
2014-04-23,1287.8299560546875
2014-04-24,1293.010009765625
2014-04-25,1290.52001953125
2014-04-28,1263.4300537109375
2014-04-29,1248.68994140625
2014-04-30,1251.5699462890625
2014-05-02,1260.93994140625
2014-05-05,1248.68994140625
2014-05-06,1249.97998046875
2014-05-07,1245.699951171875
2014-05-08,1249.5799560546875
2014-05-09,1247.989990234375
2014-05-12,1244.0
2014-05-13,1259.8399658203125
2014-05-14,1259.8399658203125
2014-05-15,1264.719970703125
2014-05-16,1270.699951171875
2014-05-19,1235.0400390625
2014-05-20,1235.0400390625
2014-05-22,1209.6400146484375
2014-05-23,1213.1300048828125
2014-05-26,1217.4100341796875
2014-05-27,1223.97998046875
2014-05-28,1214.219970703125
2014-05-29,1214.219970703125
2014-05-30,1220.1800537109375
2014-06-02,1195.9000244140625
2014-06-03,1212.030029296875
2014-06-04,1212.030029296875
2014-06-05,1210.6400146484375
2014-06-06,1217.81005859375
2014-06-09,1212.9300537109375
2014-06-10,1190.1199951171875
2014-06-11,1199.0799560546875
2014-06-12,1199.0799560546875
2014-06-13,1187.3299560546875
2014-06-16,1180.260009765625
2014-06-17,1163.530029296875
2014-06-18,1167.4100341796875
2014-06-19,1180.9599609375
2014-06-20,1190.9200439453125
2014-06-23,1161.0999755859375
2014-06-24,1167.9000244140625
2014-06-25,1179.5999755859375
2014-06-26,1189.9000244140625
2014-06-27,1188.5999755859375
2014-06-30,1199.9000244140625
2014-07-01,1209.5999755859375
2014-07-02,1232.4000244140625
2014-07-03,1264.5
2014-07-04,1267.800048828125
2014-07-07,1260.0
2014-07-08,1279.0
2014-07-09,1279.0
2014-07-10,1299.5
2014-07-11,1320.5
2014-07-14,1341.199951171875
2014-07-15,1328.9000244140625
2014-07-17,1328.5999755859375
2014-07-18,1288.4000244140625
2014-07-21,1288.5
2014-07-22,1288.5
2014-07-23,1289.199951171875
2014-07-24,1266.199951171875
2014-07-25,1288.5999755859375
2014-07-28,1297.9000244140625
2014-07-29,1295.4000244140625
2014-07-30,1288.800048828125
2014-07-31,1294.4000244140625
2014-08-01,1284.5999755859375
2014-08-04,1313.300048828125
2014-08-05,1323.5999755859375
2014-08-06,1361.5
2014-08-07,1386.0
2014-08-08,1351.199951171875
2014-08-11,1342.9000244140625
2014-08-12,1385.300048828125
2014-08-13,1435.0
2014-08-14,1435.0
2014-08-18,1427.9000244140625
2014-08-19,1420.5999755859375
2014-08-20,1423.199951171875
2014-08-21,1482.699951171875
2014-08-22,1452.4000244140625
2014-08-25,1447.800048828125
2014-08-26,1471.4000244140625
2014-08-27,1457.5
2014-08-28,1449.5
2014-08-29,1459.300048828125
2014-09-01,1472.0999755859375
2014-09-02,1490.0999755859375
2014-09-03,1490.0999755859375
2014-09-04,1501.5999755859375
2014-09-05,1501.5999755859375
2014-09-08,1476.199951171875
2014-09-09,1489.0
2014-09-10,1473.9000244140625
2014-09-11,1461.199951171875
2014-09-12,1435.0999755859375
2014-09-15,1425.5
2014-09-16,1421.5
2014-09-17,1421.0
2014-09-22,1439.300048828125
2014-09-23,1404.300048828125
2014-09-24,1400.5
2014-09-25,1413.9000244140625
2014-09-26,1425.800048828125
2014-09-29,1427.699951171875
2014-09-30,1421.699951171875
2014-10-01,1421.699951171875
2014-10-02,1402.5999755859375
2014-10-03,1402.5999755859375
2014-10-06,1395.9000244140625
2014-10-07,1410.9000244140625
2014-10-08,1410.800048828125
2014-10-09,1410.800048828125
2014-10-10,1375.300048828125
2014-10-13,1345.0999755859375
2014-10-14,1357.300048828125
2014-10-15,1369.5999755859375
2014-10-16,1367.300048828125
2014-10-17,1357.800048828125
2014-10-20,1339.800048828125
2014-10-21,1331.4000244140625
2014-10-22,1387.800048828125
2014-10-23,1392.699951171875
2014-10-24,1390.800048828125
2014-10-27,1421.199951171875
2014-10-28,1411.699951171875
2014-10-29,1404.0999755859375
2014-10-30,1376.4000244140625
2014-11-03,1416.800048828125
2014-11-04,1470.4000244140625
2014-11-05,1471.5
2014-11-06,1469.5999755859375
2014-11-07,1456.5
2014-11-10,1459.300048828125
2014-11-11,1451.5
2014-11-12,1445.0
2014-11-13,1469.300048828125
2014-11-14,1486.300048828125
2014-11-17,1481.300048828125
2014-11-18,1484.699951171875
2014-11-19,1482.699951171875
2014-11-20,1499.5
2014-11-21,1486.4000244140625
2014-11-24,1487.5
2014-11-25,1492.199951171875
2014-11-26,1493.0
2014-11-27,1530.5999755859375
2014-11-28,1537.9000244140625
2014-12-01,1520.9000244140625
2014-12-02,1500.300048828125
2014-12-03,1494.0999755859375
2014-12-04,1488.4000244140625
2014-12-05,1501.0
2014-12-09,1498.5999755859375
2014-12-10,1490.800048828125
2014-12-11,1464.9000244140625
2014-12-12,1433.9000244140625
2014-12-15,1460.9000244140625
2014-12-16,1459.4000244140625
2014-12-17,1472.5
2014-12-18,1492.699951171875
2014-12-19,1520.0
2014-12-22,1525.4000244140625
2014-12-23,1533.800048828125
2014-12-24,1513.300048828125
2014-12-26,1493.5
2014-12-29,1529.9000244140625
2014-12-30,1527.0
2015-01-02,1518.5999755859375
2015-01-05,1492.699951171875
2015-01-06,1473.9000244140625
2015-01-07,1460.5
2015-01-08,1474.0
2015-01-09,1483.9000244140625
2015-01-12,1478.800048828125
2015-01-13,1484.5999755859375
2015-01-14,1506.699951171875
2015-01-15,1492.199951171875
2015-01-16,1493.9000244140625
2015-01-19,1506.699951171875
2015-01-20,1510.0
2015-01-21,1538.800048828125
2015-01-22,1582.800048828125
2015-01-23,1623.9000244140625
2015-01-26,1598.0
2015-01-27,1599.699951171875
2015-01-28,1595.199951171875
2015-01-29,1594.699951171875
2015-01-30,1608.699951171875
2015-02-02,1573.800048828125
2015-02-03,1608.9000244140625
2015-02-04,1636.0999755859375
2015-02-05,1627.300048828125
2015-02-06,1588.9000244140625
2015-02-09,1613.4000244140625
2015-02-10,1600.300048828125
2015-02-11,1586.0
2015-02-12,1603.199951171875
2015-02-13,1620.5999755859375
2015-02-16,1638.300048828125
2015-02-17,1631.699951171875
2015-02-18,1637.199951171875
2015-02-19,1642.199951171875
2015-02-20,1629.199951171875
2015-02-23,1638.800048828125
2015-02-24,1665.699951171875
2015-02-25,1632.0
2015-02-26,1615.4000244140625
2015-02-27,1617.5
2015-03-02,1607.800048828125
2015-03-03,1613.300048828125
2015-03-04,1626.800048828125
2015-03-05,1622.0
2015-03-06,1605.4000244140625
2015-03-09,1589.0
2015-03-10,1566.800048828125
2015-03-11,1565.4000244140625
2015-03-12,1590.9000244140625
2015-03-13,1596.199951171875
2015-03-16,1576.0999755859375
2015-03-17,1585.300048828125
2015-03-18,1605.300048828125
2015-03-19,1624.800048828125
2015-03-20,1627.5999755859375
2015-03-23,1637.800048828125
2015-03-24,1643.0999755859375
2015-03-25,1650.0
2015-03-26,1649.9000244140625
2015-03-27,1640.5999755859375
2015-03-30,1648.4000244140625
2015-03-31,1684.0
2015-04-01,1711.5999755859375
2015-04-02,1729.300048828125
2015-04-06,1723.300048828125
2015-04-07,1710.9000244140625
2015-04-08,1700.699951171875
2015-04-09,1722.0
2015-04-10,1717.4000244140625
2015-04-13,1723.800048828125
2015-04-14,1738.5
2015-04-15,1744.199951171875
2015-04-16,1749.5
2015-04-17,1800.199951171875
2015-04-20,1789.0999755859375
2015-04-21,1788.5999755859375
2015-04-22,1794.0
2015-04-23,1791.5999755859375
2015-04-24,1772.0999755859375
2015-04-27,1739.4000244140625
2015-04-28,1775.9000244140625
2015-04-29,1739.699951171875
2015-04-30,1714.199951171875
2015-05-04,1716.0999755859375
2015-05-05,1731.800048828125
2015-05-06,1746.800048828125
2015-05-07,1748.300048828125
2015-05-08,1748.300048828125
2015-05-11,1736.5999755859375
2015-05-12,1791.0
2015-05-13,1783.800048828125
2015-05-14,1793.9000244140625
2015-05-15,1774.0
2015-05-18,1790.9000244140625
2015-05-19,1791.0999755859375
2015-05-20,1790.0999755859375
2015-05-22,1792.199951171875
2015-05-25,1798.0999755859375
2015-05-26,1783.0
2015-05-27,1821.4000244140625
2015-05-28,1779.300048828125
2015-05-29,1766.199951171875
2015-06-01,1816.199951171875
2015-06-02,1766.800048828125
2015-06-03,1758.699951171875
2015-06-04,1771.5
2015-06-05,1738.800048828125
2015-06-08,1748.4000244140625
2015-06-09,1758.4000244140625
2015-06-10,1735.199951171875
2015-06-11,1762.5999755859375
2015-06-12,1773.0
2015-06-15,1751.4000244140625
2015-06-16,1717.800048828125
2015-06-17,1750.0
2015-06-18,1780.5999755859375
2015-06-19,1736.699951171875
2015-06-22,1720.0
2015-06-23,1736.5
2015-06-24,1734.0999755859375
2015-06-25,1762.5
2015-06-26,1721.199951171875
2015-06-30,1725.800048828125
2015-07-01,1737.0
2015-07-02,1689.0
2015-07-03,1687.699951171875
2015-07-06,1690.699951171875
2015-07-07,1648.5999755859375
2015-07-08,1651.199951171875
2015-07-09,1613.800048828125
2015-07-10,1666.199951171875
2015-07-13,1685.4000244140625
2015-07-14,1707.800048828125
2015-07-15,1702.9000244140625
2015-07-17,1709.5
2015-07-20,1691.4000244140625
2015-07-21,1713.699951171875
2015-07-22,1712.9000244140625
2015-07-23,1716.800048828125
2015-07-24,1764.5999755859375
2015-07-27,1762.699951171875
2015-07-28,1741.5
2015-07-29,1765.699951171875
2015-07-30,1748.300048828125
2015-07-31,1745.0
2015-08-03,1796.699951171875
2015-08-04,1827.699951171875
2015-08-05,1840.5999755859373
2015-08-06,1893.0
2015-08-07,1882.5
2015-08-10,1871.5999755859373
2015-08-11,1855.0999755859373
2015-08-12,1822.5
2015-08-13,1818.4000244140625
2015-08-14,1804.5999755859373
2015-08-17,1802.800048828125
2015-08-18,1790.699951171875
2015-08-19,1782.0999755859375
2015-08-20,1815.699951171875
2015-08-21,1807.5
2015-08-24,1764.300048828125
2015-08-25,1685.5
2015-08-26,1750.300048828125
2015-08-27,1788.5999755859375
2015-08-28,1846.5999755859373
2015-08-31,1855.0
2015-09-01,1895.699951171875
2015-09-02,1864.9000244140625
2015-09-03,1890.699951171875
2015-09-04,1892.800048828125
2015-09-07,1875.5999755859373
2015-09-08,1850.0
2015-09-09,1827.300048828125
2015-09-10,1809.199951171875
2015-09-11,1844.4000244140625
2015-09-14,1815.699951171875
2015-09-15,1815.0
2015-09-16,1831.5
2015-09-17,1849.199951171875
2015-09-21,1814.300048828125
2015-09-22,1811.5
2015-09-23,1789.800048828125
2015-09-24,1778.0999755859375
2015-09-25,1778.300048828125
2015-09-28,1783.5999755859375
2015-09-29,1742.9000244140625
2015-09-30,1740.699951171875
2015-10-01,1791.4000244140625
2015-10-02,1787.9000244140625
2015-10-05,1771.199951171875
2015-10-06,1826.5999755859373
2015-10-07,1858.5999755859373
2015-10-08,1844.800048828125
2015-10-09,1878.699951171875
2015-10-13,1853.699951171875
2015-10-14,1850.5999755859373
2015-10-15,1826.9000244140625
2015-10-16,1837.5999755859373
2015-10-19,1826.9000244140625
2015-10-20,1845.9000244140625
2015-10-21,1835.0999755859373
2015-10-22,1830.800048828125
2015-10-23,1843.9000244140625
2015-10-26,1866.300048828125
2015-10-27,1876.0
2015-10-28,1884.800048828125
2015-10-29,1877.699951171875
2015-10-30,1781.5999755859375
2015-11-02,1707.0
2015-11-03,1678.0
2015-11-04,1737.0
2015-11-05,1690.0
2015-11-06,1664.5999755859375
2015-11-09,1709.0
2015-11-10,1679.5
2015-11-11,1643.5999755859375
2015-11-12,1634.800048828125
2015-11-13,1602.9000244140625
2015-11-16,1548.4000244140625
2015-11-17,1540.5999755859375
2015-11-18,1533.0
2015-11-19,1596.699951171875
2015-11-20,1632.0
2015-11-23,1656.199951171875
2015-11-24,1608.0999755859375
2015-11-25,1558.800048828125
2015-11-26,1550.800048828125
2015-11-27,1542.9000244140625
2015-11-30,1526.0
2015-12-01,1488.5999755859375
2015-12-02,1501.5
2015-12-03,1464.199951171875
2015-12-04,1475.0999755859375
2015-12-07,1474.9000244140625
2015-12-09,1447.5999755859375
2015-12-10,1442.5
2015-12-11,1446.800048828125
2015-12-14,1435.9000244140625
2015-12-15,1468.9000244140625
2015-12-16,1536.4000244140625
2015-12-17,1545.4000244140625
2015-12-18,1518.699951171875
2015-12-21,1487.4000244140625
2015-12-22,1497.4000244140625
2015-12-23,1494.699951171875
2015-12-24,1541.699951171875
2015-12-28,1527.800048828125
2015-12-29,1537.4000244140625
2015-12-30,1525.199951171875
2015-12-31,1528.9000244140625
2016-01-04,1595.0
2016-01-05,1523.9000244140625
2016-01-06,1517.699951171875
2016-01-07,1480.0
2016-01-08,1458.199951171875
2016-01-11,1476.0
2016-01-12,1471.0
2016-01-13,1460.5
2016-01-14,1473.5999755859375
2016-01-15,1488.0999755859375
2016-01-18,1458.0
2016-01-19,1454.4000244140625
2016-01-20,1460.4000244140625
2016-01-21,1421.699951171875
2016-01-22,1414.9000244140625
2016-01-25,1440.5
2016-01-26,1455.5999755859375
2016-01-27,1500.0
2016-01-28,1521.0999755859375
2016-01-29,1536.199951171875
2016-02-01,1618.699951171875
2016-02-02,1700.0
2016-02-03,1612.199951171875
2016-02-04,1602.800048828125
2016-02-05,1644.9000244140625
2016-02-08,1638.0999755859375
2016-02-09,1615.0
2016-02-10,1592.199951171875
2016-02-11,1604.800048828125
2016-02-12,1588.9000244140625
2016-02-15,1588.5
2016-02-16,1604.9000244140625
2016-02-17,1608.199951171875
2016-02-18,1608.5
2016-02-19,1603.0999755859375
2016-02-22,1598.4000244140625
2016-02-23,1599.0999755859375
2016-02-24,1590.0
2016-02-25,1571.800048828125
2016-02-26,1599.5999755859375
2016-02-29,1608.5999755859375
2016-03-01,1597.9000244140625
2016-03-02,1602.5
2016-03-03,1600.0
2016-03-04,1588.800048828125
2016-03-07,1570.0
2016-03-08,1558.4000244140625
2016-03-09,1523.300048828125
2016-03-10,1549.5999755859375
2016-03-11,1559.4000244140625
2016-03-14,1584.5
2016-03-15,1599.0999755859375
2016-03-16,1599.0
2016-03-17,1593.4000244140625
2016-03-18,1598.4000244140625
2016-03-21,1623.699951171875
2016-03-22,1627.199951171875
2016-03-23,1592.300048828125
2016-03-24,1580.0
2016-03-28,1575.0999755859375
2016-03-29,1574.699951171875
2016-03-30,1570.699951171875
2016-03-31,1585.300048828125
2016-04-01,1563.0
2016-04-04,1580.5
2016-04-05,1587.5
2016-04-06,1569.9000244140625
2016-04-07,1548.9000244140625
2016-04-08,1525.0
2016-04-11,1556.5999755859375
2016-04-12,1532.300048828125
2016-04-13,1522.300048828125
2016-04-14,1536.300048828125
2016-04-15,1508.0
2016-04-18,1506.0999755859375
2016-04-19,1508.0
2016-04-20,1500.699951171875
2016-04-21,1493.699951171875
2016-04-22,1473.0
2016-04-25,1440.5999755859375
2016-04-26,1454.800048828125
2016-04-27,1480.0
2016-04-28,1497.300048828125
2016-04-29,1506.9000244140625
2016-05-02,1476.5
2016-05-03,1492.0
2016-05-04,1509.4000244140625
2016-05-05,1500.5999755859375
2016-05-06,1492.4000244140625
2016-05-09,1481.300048828125
2016-05-10,1465.300048828125
2016-05-11,1464.300048828125
2016-05-12,1455.300048828125
2016-05-13,1458.800048828125
2016-05-16,1459.199951171875
2016-05-17,1457.4000244140625
2016-05-18,1430.0
2016-05-19,1424.5999755859375
2016-05-20,1458.0999755859375
2016-05-23,1450.4000244140625
2016-05-24,1467.4000244140625
2016-05-25,1482.699951171875
2016-05-26,1487.9000244140625
2016-05-27,1478.800048828125
2016-05-30,1470.0
2016-05-31,1464.5
2016-06-01,1442.300048828125
2016-06-02,1443.0
2016-06-03,1422.0
2016-06-06,1421.699951171875
2016-06-07,1430.0
2016-06-08,1435.0
2016-06-09,1423.5999755859375
2016-06-10,1434.699951171875
2016-06-13,1421.4000244140625
2016-06-14,1416.800048828125
2016-06-15,1412.4000244140625
2016-06-16,1404.800048828125
2016-06-17,1412.0999755859375
2016-06-20,1403.300048828125
2016-06-21,1407.800048828125
2016-06-22,1396.800048828125
2016-06-23,1403.0
2016-06-24,1380.0
2016-06-28,1389.0999755859375
2016-06-29,1383.0
2016-06-30,1379.5999755859375
2016-07-01,1377.300048828125
2016-07-04,1393.300048828125
2016-07-05,1399.0
2016-07-06,1396.699951171875
2016-07-07,1400.0
2016-07-08,1375.0
2016-07-11,1383.4000244140625
2016-07-12,1375.0
2016-07-13,1356.0999755859375
2016-07-14,1367.199951171875
2016-07-15,1379.5999755859375
2016-07-18,1393.699951171875
2016-07-19,1395.5
2016-07-20,1425.0
2016-07-21,1399.0999755859375
2016-07-22,1399.0
2016-07-25,1403.300048828125
2016-07-26,1400.0
2016-07-27,1395.199951171875
2016-07-28,1395.699951171875
2016-07-29,1382.800048828125
2016-08-01,1372.5
2016-08-02,1375.0
2016-08-03,1356.0
2016-08-04,1351.300048828125
2016-08-05,1356.699951171875
2016-08-08,1351.199951171875
2016-08-09,1338.4000244140625
2016-08-10,1357.0
2016-08-11,1327.0
2016-08-12,1320.699951171875
2016-08-16,1297.800048828125
2016-08-17,1343.300048828125
2016-08-18,1346.199951171875
2016-08-19,1345.5
2016-08-22,1366.199951171875
2016-08-23,1390.0
2016-08-24,1358.4000244140625
2016-08-25,1361.5
2016-08-26,1380.0
2016-08-29,1357.0
2016-08-30,1384.9000244140625
2016-08-31,1368.800048828125
2016-09-01,1353.5999755859375
2016-09-02,1355.0999755859375
2016-09-05,1388.0
2016-09-06,1354.800048828125
2016-09-07,1363.0
2016-09-08,1347.9000244140625
2016-09-09,1339.4000244140625
2016-09-12,1352.800048828125
2016-09-13,1354.0
2016-09-14,1343.5999755859375
2016-09-15,1329.699951171875
2016-09-16,1350.199951171875
2016-09-20,1344.9000244140625
2016-09-21,1354.5999755859375
2016-09-22,1345.5999755859375
2016-09-23,1348.5
2016-09-26,1365.0
2016-09-27,1359.699951171875
2016-09-28,1339.5999755859375
2016-09-29,1336.4000244140625
2016-09-30,1333.5999755859375
2016-10-03,1305.0
2016-10-04,1300.300048828125
2016-10-05,1273.0
2016-10-06,1278.199951171875
2016-10-07,1274.4000244140625
2016-10-11,1278.0999755859375
2016-10-12,1280.0
2016-10-13,1293.4000244140625
2016-10-14,1304.4000244140625
2016-10-17,1289.300048828125
2016-10-18,1282.0
2016-10-19,1314.0
2016-10-20,1369.0
2016-10-21,1366.5999755859375
2016-10-24,1360.199951171875
2016-10-25,1366.0999755859375
2016-10-26,1396.5
2016-10-27,1449.9000244140625
2016-10-28,1424.4000244140625
2016-11-02,1415.0
2016-11-03,1387.0
2016-11-04,1418.0
2016-11-07,1353.5999755859375
2016-11-08,1337.300048828125
2016-11-09,1379.300048828125
2016-11-10,1421.0
2016-11-11,1402.300048828125
2016-11-14,1346.4000244140625
2016-11-15,1319.4000244140625
2016-11-16,1327.0
2016-11-17,1361.300048828125
2016-11-18,1348.9000244140625
2016-11-21,1362.800048828125
2016-11-22,1354.5999755859375
2016-11-23,1346.4000244140625
2016-11-24,1380.0
2016-11-25,1358.9000244140625
2016-11-28,1354.699951171875
2016-11-29,1366.199951171875
2016-11-30,1371.5
2016-12-01,1386.0999755859375
2016-12-02,1377.199951171875
2016-12-05,1391.800048828125
2016-12-06,1373.699951171875
2016-12-07,1390.9000244140625
2016-12-09,1393.800048828125
2016-12-12,1396.4000244140625
2016-12-13,1375.0999755859375
2016-12-14,1415.0999755859375
2016-12-15,1405.4000244140625
2016-12-16,1420.300048828125
2016-12-19,1400.199951171875
2016-12-20,1395.4000244140625
2016-12-21,1354.9000244140625
2016-12-22,1349.0999755859375
2016-12-23,1317.0999755859375
2016-12-26,1312.300048828125
2016-12-27,1315.0
2016-12-28,1305.699951171875
2016-12-29,1328.5
2016-12-30,1362.5
2017-01-03,1369.4000244140625
2017-01-04,1363.0999755859375
2017-01-05,1373.699951171875
2017-01-06,1343.9000244140625
2017-01-09,1341.5999755859375
2017-01-10,1325.800048828125
2017-01-11,1348.300048828125
2017-01-12,1357.9000244140625
2017-01-13,1371.0
2017-01-16,1375.0
2017-01-17,1385.0
2017-01-18,1355.0
2017-01-19,1376.0
2017-01-20,1400.0
2017-01-23,1405.0
2017-01-24,1395.0
2017-01-25,1445.0
2017-01-26,1455.0
2017-01-27,1402.0
2017-01-30,1453.0
2017-01-31,1409.699951171875
2017-02-01,1400.800048828125
2017-02-02,1403.0
2017-02-03,1450.800048828125
2017-02-06,1470.0
2017-02-07,1470.0
2017-02-08,1450.0
2017-02-09,1440.0
2017-02-10,1450.0999755859375
2017-02-13,1430.0999755859375
2017-02-14,1463.5999755859375
2017-02-15,1461.5
2017-02-16,1474.0
2017-02-17,1477.0
2017-02-20,1456.199951171875
2017-02-21,1465.0
2017-02-22,1485.5
2017-02-23,1470.0
2017-02-24,1485.5
2017-02-27,1465.0
2017-02-28,1457.699951171875
2017-03-01,1445.0
2017-03-02,1456.0
2017-03-03,1442.0
2017-03-06,1452.5999755859375
2017-03-07,1480.0
2017-03-08,1470.0
2017-03-09,1460.9000244140625
2017-03-10,1477.300048828125
2017-03-13,1460.0
2017-03-14,1502.0
2017-03-15,1503.0
2017-03-16,1531.0
2017-03-17,1579.800048828125
2017-03-20,1582.0
2017-03-21,1501.0
2017-03-22,1556.300048828125
2017-03-23,1560.0
2017-03-24,1570.0
2017-03-27,1563.4000244140625
2017-03-28,1560.0
2017-03-29,1620.0
2017-03-30,1594.0
2017-03-31,1565.0
2017-04-03,1625.0
2017-04-04,1622.9000244140625
2017-04-05,1670.0
2017-04-06,1700.0
2017-04-07,1683.5
2017-04-10,1656.0
2017-04-11,1650.0
2017-04-12,1653.0
2017-04-13,1660.0
2017-04-17,1647.0
2017-04-18,1630.0
2017-04-19,1585.5
2017-04-20,1590.0
2017-04-21,1600.0
2017-04-24,1600.0
2017-04-25,1610.0
2017-04-26,1600.0
2017-04-27,1589.9000244140625
2017-04-28,1530.0
2017-05-02,1558.0
2017-05-03,1600.0999755859375
2017-05-04,1600.0
2017-05-05,1599.0
2017-05-08,1600.0
2017-05-09,1580.0
2017-05-10,1574.0
2017-05-11,1560.0
2017-05-12,1569.9000244140625
2017-05-15,1570.0
2017-05-16,1570.300048828125
2017-05-17,1575.0
2017-05-18,1550.0
2017-05-19,1579.800048828125
2017-05-22,1560.0
2017-05-23,1574.0
2017-05-24,1604.9000244140625
2017-05-25,1620.0
2017-05-29,1610.0
2017-05-30,1611.0
2017-05-31,1612.9000244140625
2017-06-01,1595.0
2017-06-02,1618.0
2017-06-05,1615.0
2017-06-06,1629.9000244140625
2017-06-07,1645.699951171875
2017-06-08,1647.0
2017-06-09,1636.5
2017-06-12,1625.0999755859375
2017-06-13,1622.0
2017-06-14,1635.0
2017-06-15,1630.0
2017-06-16,1600.0
2017-06-19,1619.0
2017-06-20,1605.699951171875
2017-06-21,1613.0
2017-06-22,1585.0
2017-06-23,1570.0
2017-06-27,1583.5
2017-06-28,1575.0999755859375
2017-06-29,1569.199951171875
2017-06-30,1557.0999755859375
2017-07-03,1580.0
2017-07-04,1584.0
2017-07-05,1619.800048828125
2017-07-06,1619.0
2017-07-07,1602.0
2017-07-10,1602.0
2017-07-11,1603.0
2017-07-12,1595.0
2017-07-13,1615.0999755859375
2017-07-14,1637.9000244140625
2017-07-17,1640.0
2017-07-18,1655.0
2017-07-19,1640.0
2017-07-20,1675.0
2017-07-21,1651.0
2017-07-24,1648.0
2017-07-25,1624.0999755859375
2017-07-26,1645.0
2017-07-27,1639.0
2017-07-28,1647.9000244140625
2017-07-31,1646.0
2017-08-01,1665.0
2017-08-02,1620.0
2017-08-03,1640.300048828125
2017-08-04,1644.5
2017-08-07,1630.0
2017-08-08,1620.0999755859375
2017-08-09,1627.0
2017-08-10,1631.0
2017-08-11,1569.0
2017-08-14,1550.199951171875
2017-08-16,1580.0
2017-08-17,1620.0
2017-08-18,1637.0
2017-08-21,1645.0
2017-08-22,1630.0
2017-08-23,1640.0
2017-08-24,1635.0
2017-08-25,1645.0
2017-08-28,1630.0
2017-08-29,1643.0
2017-08-30,1625.0
2017-08-31,1630.0999755859375
2017-09-01,1607.0
2017-09-04,1636.0
2017-09-05,1639.0
2017-09-06,1630.0999755859375
2017-09-07,1621.0999755859375
2017-09-08,1642.5999755859375
2017-09-11,1609.0
2017-09-12,1623.0999755859375
2017-09-13,1608.0
2017-09-14,1620.0
2017-09-15,1614.0
2017-09-20,1640.0
2017-09-21,1647.0
2017-09-22,1659.9000244140625
2017-09-25,1640.0
2017-09-26,1645.0
2017-09-27,1641.4000244140625
2017-09-28,1650.0
2017-09-29,1668.0
2017-10-02,1684.800048828125
2017-10-03,1721.0
2017-10-04,1754.0
2017-10-05,1750.0
2017-10-06,1773.0
2017-10-10,1779.9000244140625
2017-10-11,1762.0999755859375
2017-10-12,1795.0
2017-10-13,1807.4000244140625
2017-10-16,1821.9000244140625
2017-10-17,1849.9000244140625
2017-10-18,1850.0
2017-10-19,1890.0
2017-10-20,1840.0
2017-10-23,1897.0999755859373
2017-10-24,1975.5
2017-10-25,1980.0
2017-10-26,1934.0999755859373
2017-10-30,1960.0
2017-10-31,1999.0
2017-11-02,2011.0
2017-11-03,2005.0
2017-11-06,1974.4000244140625
2017-11-07,2060.0
2017-11-08,2040.0
2017-11-09,2038.0
2017-11-10,2031.0
2017-11-13,2060.0
2017-11-14,1960.0
2017-11-15,1977.0
2017-11-16,1950.0999755859373
2017-11-17,1985.0999755859373
2017-11-20,2074.800048828125
2017-11-21,1962.0
2017-11-22,1989.9000244140625
2017-11-23,1915.0999755859373
2017-11-24,1875.0
2017-11-27,1885.0999755859373
2017-11-28,1872.0
2017-11-29,1890.0
2017-11-30,1845.0
2017-12-01,1840.0
2017-12-04,1843.9000244140625
2017-12-05,1810.0999755859373
2017-12-06,1835.0
2017-12-07,1800.0
2017-12-11,1800.0
2017-12-12,1859.0
2017-12-13,1900.0
2017-12-14,1960.0
2017-12-15,1969.5999755859373
2017-12-18,2101.0
2017-12-19,2050.0
2017-12-20,2076.10009765625
2017-12-21,2098.0
2017-12-22,2085.0
2017-12-26,2094.10009765625
2017-12-27,2098.0
2017-12-28,2100.0
2017-12-29,2090.0
2018-01-02,2045.0
2018-01-03,2199.800048828125
2018-01-04,2217.89990234375
2018-01-05,2188.60009765625
2018-01-08,2221.0
2018-01-09,2199.699951171875
2018-01-10,2200.0
2018-01-11,2228.699951171875
2018-01-12,2291.0
2018-01-15,2260.0
2018-01-17,2290.0
2018-01-18,2300.0
2018-01-19,2314.0
2018-01-22,2349.0
2018-01-23,2300.0
2018-01-24,2285.0
2018-01-25,2325.5
2018-01-26,2324.89990234375
2018-01-29,2280.0
2018-01-30,2350.0
2018-01-31,2363.0
2018-02-01,2380.0
2018-02-02,2390.0
2018-02-05,2380.0
2018-02-06,2250.10009765625
2018-02-07,2248.0
2018-02-08,2290.0
2018-02-09,2265.0
2018-02-12,2210.0
2018-02-13,2120.0
2018-02-14,2093.39990234375
2018-02-15,2200.0
2018-02-16,2310.0
2018-02-19,2249.0
2018-02-20,2217.699951171875
2018-02-21,2340.0
2018-02-22,2350.0
2018-02-23,2350.0
2018-02-26,2369.0
2018-02-27,2313.800048828125
2018-02-28,2307.10009765625
2018-03-01,2295.0
2018-03-02,2215.0
2018-03-05,2250.10009765625
2018-03-06,2200.0
2018-03-07,2242.0
2018-03-08,2220.0
2018-03-09,2245.0
2018-03-12,2287.10009765625
2018-03-13,2315.699951171875
2018-03-14,2340.10009765625
2018-03-15,2315.0
2018-03-16,2345.0
2018-03-19,2276.39990234375
2018-03-20,2289.300048828125
2018-03-21,2300.0
2018-03-22,2308.0
2018-03-23,2292.89990234375
2018-03-26,2295.0
2018-03-27,2252.0
2018-03-28,2281.800048828125
2018-03-29,2290.0
2018-04-02,2300.0
2018-04-03,2280.0
2018-04-04,2284.0
2018-04-05,2283.0
2018-04-06,2309.0
2018-04-09,2318.0
2018-04-10,2305.0
2018-04-11,2329.0
2018-04-12,2341.300048828125
2018-04-13,2335.0
2018-04-16,2371.10009765625
2018-04-17,2380.0
2018-04-18,2395.0
2018-04-19,2413.89990234375
2018-04-20,2413.0
2018-04-23,2391.0
2018-04-24,2405.0
2018-04-25,2420.800048828125
2018-04-26,2413.0
2018-04-27,2470.0
2018-04-30,2495.5
2018-05-02,2518.0
2018-05-03,2485.0
2018-05-04,2447.0
2018-05-07,2424.0
2018-05-08,2432.0
2018-05-09,2411.89990234375
2018-05-10,2450.0
2018-05-11,2478.0
2018-05-14,2466.0
2018-05-15,2479.0
2018-05-16,2488.0
2018-05-17,2519.0
2018-05-18,2500.0
2018-05-22,2495.0
2018-05-23,2529.0
2018-05-24,2430.0
2018-05-25,2485.0
2018-05-28,2406.89990234375
2018-05-29,2464.0
2018-05-30,2415.0
2018-05-31,2443.300048828125
2018-06-01,2424.5
2018-06-04,2404.0
2018-06-05,2499.89990234375
2018-06-06,2476.0
2018-06-07,2435.0
2018-06-08,2399.0
2018-06-11,2450.89990234375
2018-06-12,2460.0
2018-06-13,2500.10009765625
2018-06-14,2433.0
2018-06-15,2452.199951171875
2018-06-18,2425.0
2018-06-19,2400.0
2018-06-20,2448.0
2018-06-21,2410.0
2018-06-22,2420.0
2018-06-25,2406.0
2018-06-26,2340.0
2018-06-27,2380.0
2018-06-28,2434.5
2018-06-29,2377.0
2018-07-03,2403.699951171875
2018-07-04,2388.0
2018-07-05,2410.0
2018-07-06,2418.0
2018-07-09,2393.699951171875
2018-07-10,2441.10009765625
2018-07-11,2446.199951171875
2018-07-12,2452.0
2018-07-13,2453.0
2018-07-17,2430.0
2018-07-18,2500.0
2018-07-19,2498.0
2018-07-20,2518.0
2018-07-23,2531.0
2018-07-24,2534.300048828125
2018-07-25,2496.0
2018-07-26,2548.0
2018-07-27,2546.0
2018-07-30,2468.5
2018-07-31,2521.0
2018-08-01,2581.0
2018-08-02,2576.0
2018-08-03,2566.800048828125
2018-08-06,2560.0
2018-08-07,2507.5
2018-08-08,2538.39990234375
2018-08-09,2548.39990234375
2018-08-10,2550.0
2018-08-13,2513.39990234375
2018-08-14,2505.60009765625
2018-08-16,2555.5
2018-08-17,2539.0
2018-08-20,2522.0
2018-08-21,2520.0
2018-08-22,2529.89990234375
2018-08-23,2562.0
2018-08-24,2579.0
2018-08-27,2574.0
2018-08-28,2590.0
2018-08-29,2626.300048828125
2018-08-30,2640.0
2018-08-31,2645.0
2018-09-03,2682.800048828125
2018-09-04,2665.800048828125
2018-09-05,2620.89990234375
2018-09-06,2618.5
2018-09-07,2650.0
2018-09-10,2638.0
2018-09-11,2606.0
2018-09-12,2645.0
2018-09-13,2693.5
2018-09-14,2708.800048828125
2018-09-20,2670.0
2018-09-21,2780.0
2018-09-24,2802.0
2018-09-25,2712.39990234375
2018-09-26,2700.0
2018-09-27,2668.10009765625
2018-09-28,2675.0
2018-10-01,2654.89990234375
2018-10-02,2665.0
2018-10-03,2662.5
2018-10-04,2685.60009765625
2018-10-05,2665.800048828125
2018-10-08,2639.199951171875
2018-10-09,2624.199951171875
2018-10-10,2600.0
2018-10-11,2557.0
2018-10-12,2520.0
2018-10-16,2521.0
2018-10-17,2460.300048828125
2018-10-18,2494.89990234375
2018-10-19,2480.0
2018-10-22,2450.0
2018-10-23,2400.0
2018-10-24,2500.0
2018-10-25,2540.10009765625
2018-10-26,2545.0
2018-10-29,2517.800048828125
2018-10-30,2437.5
2018-10-31,2383.0
2018-11-05,2392.60009765625
2018-11-06,2515.0
2018-11-07,2528.199951171875
2018-11-08,2516.89990234375
2018-11-09,2545.0
2018-11-12,2479.699951171875
2018-11-13,2474.0
2018-11-14,2402.199951171875
2018-11-15,2446.300048828125
2018-11-16,2500.0
2018-11-19,2520.0
2018-11-20,2463.0
2018-11-21,2423.10009765625
2018-11-22,2410.0
2018-11-23,2420.0
2018-11-26,2480.0
2018-11-27,2500.0
2018-11-28,2468.39990234375
2018-11-29,2394.0
2018-11-30,2364.0
2018-12-03,2368.10009765625
2018-12-04,2383.0
2018-12-05,2321.39990234375
2018-12-06,2298.89990234375
2018-12-07,2279.0
2018-12-10,2276.89990234375
2018-12-11,2218.89990234375
2018-12-12,2193.39990234375
2018-12-13,2237.5
2018-12-14,2256.39990234375
2018-12-17,2266.0
2018-12-18,2226.89990234375
2018-12-19,2273.0
2018-12-20,2225.0
2018-12-21,2171.0
2018-12-24,2208.60009765625
2018-12-26,2180.10009765625
2018-12-27,2240.0
2018-12-28,2180.0
2019-01-02,2210.0
2019-01-03,2187.0
2019-01-04,2167.0
2019-01-07,2121.0
2019-01-08,2136.0
2019-01-09,2130.800048828125
2019-01-10,2153.0
2019-01-11,2230.0
2019-01-14,2255.0
2019-01-15,2294.89990234375
2019-01-16,2360.0
2019-01-17,2384.0
2019-01-18,2394.0
2019-01-21,2384.5
2019-01-22,2354.0
2019-01-23,2379.0
2019-01-24,2380.0
2019-01-25,2424.800048828125
2019-01-28,2420.800048828125
2019-01-29,2388.0
2019-01-30,2348.199951171875
2019-01-31,2370.0
2019-02-01,2450.0
2019-02-04,2472.0
2019-02-05,2481.0
2019-02-06,2427.0
2019-02-07,2460.0
2019-02-08,2383.10009765625
2019-02-11,2350.0
2019-02-12,2357.89990234375
2019-02-13,2355.300048828125
2019-02-14,2350.0
2019-02-15,2340.0
2019-02-18,2322.10009765625
2019-02-19,2377.0
2019-02-20,2420.0
2019-02-21,2423.89990234375
2019-02-22,2459.5
2019-02-25,2451.0
2019-02-26,2488.0
2019-02-27,2430.0
2019-02-28,2460.0
2019-03-01,2400.0
2019-03-04,2364.0
2019-03-05,2380.199951171875
2019-03-06,2380.0
2019-03-07,2365.0
2019-03-08,2385.0
2019-03-11,2400.0
2019-03-12,2369.0
2019-03-13,2349.89990234375
2019-03-14,2327.89990234375
2019-03-15,2338.39990234375
2019-03-18,2350.0
2019-03-19,2320.0
2019-03-20,2270.0
2019-03-21,2288.0
2019-03-22,2270.0
2019-03-25,2258.0
2019-03-26,2278.0
2019-03-27,2300.0
2019-03-28,2344.0
2019-03-29,2400.0
2019-04-01,2380.0
2019-04-02,2318.0
2019-04-03,2322.0
2019-04-04,2356.0
2019-04-05,2320.0
2019-04-08,2317.0
2019-04-09,2312.699951171875
2019-04-10,2298.0
2019-04-11,2306.89990234375
2019-04-12,2301.0
2019-04-15,2304.0
2019-04-16,2292.0
2019-04-17,2289.0
2019-04-18,2265.0
2019-04-22,2264.699951171875
2019-04-23,2225.0
2019-04-24,2239.5
2019-04-25,2244.89990234375
2019-04-26,2240.0
2019-04-29,2272.0
2019-04-30,2279.800048828125
2019-05-02,2206.0
2019-05-03,2150.0
2019-05-06,2135.0
2019-05-07,2099.0
2019-05-08,2070.39990234375
2019-05-09,2160.10009765625
2019-05-10,2155.0
2019-05-13,2085.0
2019-05-14,2072.0
2019-05-15,2075.0
2019-05-16,2041.0
2019-05-17,2000.0
2019-05-20,1978.0
2019-05-22,1935.300048828125
2019-05-23,1888.0
2019-05-24,1850.0
2019-05-27,1824.0
2019-05-28,1790.0
2019-05-29,1819.9000244140625
2019-05-30,1880.0
2019-05-31,1885.0
2019-06-03,1879.0
2019-06-04,1886.0
2019-06-05,1840.0
2019-06-06,1808.0
2019-06-07,1809.0
2019-06-10,1823.9000244140625
2019-06-11,1829.0
2019-06-12,1849.0
2019-06-13,1844.0999755859373
2019-06-14,1858.0
2019-06-17,1831.5
2019-06-18,1822.0
2019-06-19,1830.0
2019-06-20,1849.9000244140625
2019-06-21,1890.0
2019-06-24,1890.0
2019-06-25,1882.0
2019-06-26,1880.0
2019-06-27,1861.0
2019-06-28,1860.0
2019-07-01,1830.0999755859373
2019-07-02,1815.0
2019-07-03,1830.0
2019-07-04,1841.0
2019-07-05,1848.0
2019-07-08,1835.0
2019-07-09,1835.0
2019-07-10,1822.300048828125
2019-07-11,1825.0
2019-07-12,1815.0
2019-07-15,1829.9000244140625
2019-07-17,1825.0
2019-07-18,1815.0
2019-07-19,1800.0
2019-07-22,1805.800048828125
2019-07-23,1755.5999755859375
2019-07-24,1699.0
2019-07-25,1623.0
2019-07-26,1655.300048828125
2019-07-29,1654.0
2019-07-30,1674.0
2019-07-31,1651.0
2019-08-01,1610.0
2019-08-02,1575.0999755859375
2019-08-05,1550.0
2019-08-06,1552.300048828125
2019-08-07,1601.0999755859375
2019-08-08,1680.0
2019-08-09,1682.0
2019-08-12,1690.0
2019-08-13,1725.0
2019-08-14,1655.0
2019-08-16,1630.0
2019-08-19,1610.0
2019-08-20,1601.0
2019-08-21,1603.0999755859375
2019-08-22,1571.0999755859375
2019-08-23,1535.0
2019-08-26,1510.0
2019-08-27,1507.0
2019-08-28,1550.0
2019-08-29,1626.0999755859375
2019-08-30,1665.0
2019-09-02,1653.0
2019-09-03,1601.0
2019-09-04,1650.0999755859375
2019-09-05,1705.0
2019-09-06,1661.5999755859375
2019-09-09,1665.0
2019-09-10,1678.0
2019-09-11,1732.0
2019-09-12,1750.5
2019-09-13,1748.0
2019-09-16,1809.0
2019-09-17,1830.0
2019-09-23,1749.9000244140625
2019-09-24,1705.0
2019-09-25,1730.0
2019-09-26,1720.0
2019-09-27,1705.0999755859375
2019-09-30,1696.0
2019-10-01,1666.300048828125
2019-10-02,1659.9000244140625
2019-10-03,1650.0
2019-10-04,1675.0
2019-10-07,1715.0
2019-10-08,1710.0
2019-10-09,1700.0
2019-10-10,1765.0
2019-10-11,1825.0
2019-10-14,1840.0
2019-10-15,1845.0
2019-10-16,1818.0
2019-10-17,1839.9000244140625
2019-10-18,1864.0
2019-10-21,1750.0
2019-10-22,1800.0
2019-10-23,1778.800048828125
2019-10-24,1839.9000244140625
2019-10-25,1800.0
2019-10-28,1830.0
2019-10-29,1799.0
2019-10-30,1690.0
2019-11-04,1749.9000244140625
2019-11-05,1722.0
2019-11-06,1700.0
2019-11-07,1795.0
2019-11-08,1820.0
2019-11-11,1799.0
2019-11-12,1790.0
2019-11-13,1705.0
2019-11-14,1762.0999755859375
2019-11-15,1874.0
2019-11-18,1875.0
2019-11-19,1850.0
2019-11-20,1850.0
2019-11-21,1840.0
2019-11-22,1805.0
2019-11-25,1780.0
2019-11-26,1710.0
2019-11-27,1769.0
2019-11-28,1702.0999755859375
2019-11-29,1745.0
2019-12-02,1722.0
2019-12-03,1741.0
2019-12-04,1830.0
2019-12-05,1871.0
2019-12-06,1848.9000244140625
2019-12-09,1900.0
2019-12-10,1880.0
2019-12-11,1945.0
2019-12-12,1937.0
2019-12-13,1980.0
2019-12-16,1995.0
2019-12-17,1962.0
2019-12-18,1898.0
2019-12-19,1900.199951171875
2019-12-20,1885.0
2019-12-23,1875.0
2019-12-24,1886.0
2019-12-26,1869.9000244140625
2019-12-27,1873.9000244140625
2019-12-30,1840.0
2020-01-02,1915.0
2020-01-03,1920.0
2020-01-06,1963.0
2020-01-07,1960.0
2020-01-08,1960.0
2020-01-09,1974.0
2020-01-10,2080.0
2020-01-13,2070.0
2020-01-14,2042.0
2020-01-15,1999.0999755859373
2020-01-16,2057.89990234375
2020-01-17,2077.0
2020-01-20,2025.0
2020-01-21,1970.0
2020-01-22,1970.0
2020-01-23,1945.0
2020-01-24,1930.0
2020-01-27,1870.0
2020-01-28,1895.0
2020-01-29,1870.0
2020-01-30,1860.199951171875
2020-01-31,1835.0
2020-02-03,1835.0
2020-02-04,1868.0
2020-02-05,1928.0
2020-02-06,1963.9000244140625
2020-02-07,1900.0
2020-02-10,1840.0999755859373
2020-02-11,1910.0
2020-02-12,1950.0
2020-02-13,1967.0
2020-02-14,1959.0
2020-02-17,1931.0
2020-02-18,1870.0
2020-02-19,1830.0
2020-02-20,1800.800048828125
2020-02-21,1815.0
2020-02-24,1760.0
2020-02-25,1713.0
2020-02-26,1701.0
2020-02-27,1720.0
2020-02-28,1650.0
2020-03-02,1685.0
2020-03-03,1690.0999755859375
2020-03-04,1740.0
2020-03-05,1700.0
2020-03-06,1681.0
2020-03-09,1575.0
2020-03-10,1600.0
2020-03-11,1572.0
2020-03-12,1500.0
2020-03-13,1542.0
2020-03-16,1325.0
2020-03-17,1371.0999755859375
2020-03-18,1225.0
2020-03-19,1300.0
2020-03-20,1286.199951171875
2020-03-23,1280.0
2020-03-24,1328.5
2020-03-25,1430.0
2020-03-26,1540.0
2020-03-27,1650.0
2020-03-30,1740.0
2020-03-31,1829.0
2020-04-01,1740.0
2020-04-02,1774.9000244140625
2020-04-03,1748.0
2020-04-06,1720.0
2020-04-07,1616.0
2020-04-08,1660.199951171875
2020-04-09,1621.0999755859375
2020-04-13,1669.9000244140625
2020-04-14,1708.5
2020-04-15,1675.0
2020-04-16,1655.0
2020-04-17,1635.300048828125
2020-04-20,1590.0
2020-04-21,1569.0
2020-04-22,1575.0
2020-04-23,1658.0
2020-04-24,1705.0
2020-04-27,1780.0
2020-04-28,1780.0
2020-04-29,1813.9000244140625
2020-04-30,1799.9000244140625
2020-05-04,1740.0
2020-05-05,1770.0
2020-05-06,1800.9000244140625
2020-05-07,1860.0
2020-05-08,1715.0
2020-05-11,1719.699951171875
2020-05-12,1685.0
2020-05-13,1696.199951171875
2020-05-14,1720.0
2020-05-15,1676.0
2020-05-18,1770.0
2020-05-19,1767.0
2020-05-20,1779.9000244140625
2020-05-22,1718.0
2020-05-25,1746.0
2020-05-26,1735.0
2020-05-27,1730.0
2020-05-28,1679.0999755859375
2020-05-29,1630.0
