2009-01-02,486.0
2009-01-05,469.8900146484375
2009-01-06,490.0
2009-01-07,505.0
2009-01-08,515.0
2009-01-09,518.0
2009-01-12,523.0
2009-01-13,515.0
2009-01-14,520.0
2009-01-15,515.0
2009-01-16,520.0
2009-01-19,526.0
2009-01-20,530.0
2009-01-21,521.0
2009-01-22,520.0
2009-01-23,505.0
2009-01-26,520.0
2009-01-27,535.0
2009-01-28,550.0
2009-01-29,545.0
2009-01-30,530.0
2009-02-02,530.0
2009-02-03,530.0
2009-02-04,530.0
2009-02-05,540.0
2009-02-06,547.5
2009-02-09,547.5
2009-02-10,550.010009765625
2009-02-11,550.0999755859375
2009-02-12,575.0
2009-02-13,575.0
2009-02-16,577.0
2009-02-17,575.0999755859375
2009-02-18,583.0
2009-02-19,583.0
2009-02-20,582.0
2009-02-23,580.0
2009-02-24,551.0
2009-02-25,564.989990234375
2009-02-26,565.0
2009-02-27,550.0
2009-03-02,550.0
2009-03-03,545.0
2009-03-04,560.0
2009-03-05,561.0
2009-03-06,565.0
2009-03-09,560.0
2009-03-10,569.989990234375
2009-03-11,570.0
2009-03-12,560.0
2009-03-13,564.0
2009-03-16,560.0
2009-03-17,560.0
2009-03-18,560.5
2009-03-19,562.0
2009-03-20,562.0
2009-03-23,569.0
2009-03-24,563.0
2009-03-25,566.0
2009-03-26,585.0
2009-03-27,586.0
2009-03-30,580.0
2009-03-31,570.0
2009-04-01,570.0
2009-04-02,580.0
2009-04-03,589.9000244140625
2009-04-06,598.0
2009-04-07,589.989990234375
2009-04-08,590.0
2009-04-09,598.0
2009-04-13,598.0
2009-04-14,611.0
2009-04-15,609.989990234375
2009-04-16,602.0999755859375
2009-04-17,605.0
2009-04-20,605.0
2009-04-21,595.0
2009-04-22,596.0
2009-04-23,590.0
2009-04-24,591.5
2009-04-27,595.0
2009-04-28,598.0
2009-04-29,584.9000244140625
2009-04-30,589.0
2009-05-04,590.0
2009-05-05,600.0
2009-05-06,620.0
2009-05-07,621.0999755859375
2009-05-08,625.0
2009-05-11,639.989990234375
2009-05-12,632.0
2009-05-13,630.0
2009-05-14,624.0
2009-05-15,631.0
2009-05-18,643.0999755859375
2009-05-19,660.0
2009-05-20,650.0
2009-05-22,648.0
2009-05-25,650.0
2009-05-26,650.0
2009-05-27,642.0
2009-05-28,660.0999755859375
2009-05-29,715.0
2009-06-01,730.0
2009-06-02,716.0
2009-06-03,710.0
2009-06-04,709.0
2009-06-05,721.0
2009-06-08,729.0
2009-06-09,720.0
2009-06-10,710.0
2009-06-11,701.0
2009-06-12,719.0
2009-06-15,715.0
2009-06-16,705.0
2009-06-17,701.0
2009-06-18,700.0
2009-06-19,698.0
2009-06-22,697.0
2009-06-23,680.0
2009-06-24,664.0
2009-06-25,665.0
2009-06-26,671.0
2009-06-30,680.0
2009-07-01,679.9000244140625
2009-07-02,670.0
2009-07-03,670.0
2009-07-06,670.0
2009-07-07,669.5
2009-07-08,660.0
2009-07-09,663.0
2009-07-10,675.0
2009-07-13,690.0
2009-07-14,690.0
2009-07-15,685.0
2009-07-17,690.0
2009-07-20,695.0
2009-07-21,693.0
2009-07-22,694.989990234375
2009-07-23,686.0
2009-07-24,685.0
2009-07-27,700.0
2009-07-28,698.0
2009-07-29,690.0
2009-07-30,685.010009765625
2009-07-31,685.0
2009-08-03,685.0
2009-08-04,680.0
2009-08-05,700.0
2009-08-06,720.0
2009-08-07,720.0
2009-08-10,734.0
2009-08-11,710.0
2009-08-12,710.0
2009-08-13,716.0999755859375
2009-08-14,720.0
2009-08-17,715.0
2009-08-18,720.0
2009-08-19,728.0
2009-08-20,712.5
2009-08-21,720.0
2009-08-24,715.0
2009-08-25,710.0
2009-08-26,705.0
2009-08-27,700.0
2009-08-28,681.0
2009-08-31,685.0
2009-09-01,680.0
2009-09-02,675.0
2009-09-03,677.0
2009-09-04,676.0
2009-09-07,690.0
2009-09-08,682.0
2009-09-09,690.0
2009-09-10,750.0
2009-09-11,779.0
2009-09-14,769.0
2009-09-15,769.5
2009-09-16,790.0
2009-09-17,799.9000244140625
2009-09-21,835.0
2009-09-22,819.0
2009-09-23,815.0
2009-09-24,815.0
2009-09-25,831.0
2009-09-28,879.0
2009-09-29,890.0
2009-09-30,895.0
2009-10-01,880.0
2009-10-02,880.0
2009-10-05,910.0
2009-10-06,945.0999755859376
2009-10-07,930.0
2009-10-08,935.0
2009-10-09,920.0
2009-10-13,920.0
2009-10-14,919.0
2009-10-15,907.0
2009-10-16,901.5
2009-10-19,905.0
2009-10-20,920.1500244140624
2009-10-21,925.0
2009-10-22,918.0
2009-10-23,910.0
2009-10-26,895.0
2009-10-27,907.0
2009-10-28,896.0
2009-10-29,880.0
2009-10-30,880.0
2009-11-02,870.0
2009-11-03,865.0
2009-11-04,911.0
2009-11-05,915.0
2009-11-06,930.0
2009-11-09,996.0
2009-11-10,996.0
2009-11-11,993.0
2009-11-12,980.0
2009-11-13,985.0
2009-11-16,996.0999755859376
2009-11-17,990.0
2009-11-18,980.0
2009-11-19,970.0
2009-11-20,970.0
2009-11-23,980.0
2009-11-24,975.0
2009-11-25,970.0
2009-11-26,962.0
2009-11-27,935.0
2009-11-30,950.0
2009-12-01,947.5
2009-12-02,935.0
2009-12-03,900.0
2009-12-04,889.0
2009-12-07,887.0
2009-12-09,885.0
2009-12-10,870.0
2009-12-11,890.0
2009-12-14,907.010009765625
2009-12-15,901.0
2009-12-16,912.0
2009-12-17,900.0
2009-12-18,903.0
2009-12-21,901.0
2009-12-22,881.0
2009-12-23,885.0
2009-12-24,903.0
2009-12-28,908.0
2009-12-29,907.9000244140624
2009-12-30,905.010009765625
2010-01-04,902.510009765625
2010-01-05,916.0
2010-01-06,948.0
2010-01-07,955.0
2010-01-08,960.0
2010-01-11,970.0
2010-01-12,970.0
2010-01-13,960.010009765625
2010-01-14,955.0
2010-01-15,960.0
2010-01-18,955.5
2010-01-19,950.0
2010-01-20,970.0
2010-01-21,962.0
2010-01-22,960.0
2010-01-25,959.0
2010-01-26,955.0
2010-01-27,950.0
2010-01-28,950.0
2010-01-29,960.0
2010-02-01,959.0
2010-02-02,975.0
2010-02-03,975.0
2010-02-04,991.0
2010-02-05,972.0
2010-02-08,955.0
2010-02-09,961.0
2010-02-10,970.0
2010-02-11,955.0
2010-02-12,975.0
2010-02-15,985.0
2010-02-16,989.0
2010-02-17,980.0
2010-02-18,990.0
2010-02-19,987.0
2010-02-22,975.0
2010-02-23,975.0
2010-02-24,974.9000244140624
2010-02-25,970.0
2010-02-26,969.0
2010-03-01,1010.0
2010-03-02,992.0
2010-03-03,985.0
2010-03-04,995.8200073242188
2010-03-05,999.0
2010-03-08,1001.2000122070312
2010-03-09,1004.0
2010-03-10,1004.0
2010-03-11,1025.0
2010-03-12,1040.0
2010-03-15,1053.800048828125
2010-03-16,1041.0999755859377
2010-03-17,1041.0
2010-03-18,1045.0
2010-03-19,1069.0
2010-03-22,1057.9000244140623
2010-03-23,1050.0
2010-03-24,1065.0
2010-03-25,1060.0
2010-03-26,1050.0999755859377
2010-03-29,1045.0
2010-03-30,1060.0
2010-03-31,1060.0999755859377
2010-04-01,1060.0999755859377
2010-04-05,1060.0
2010-04-06,1060.0
2010-04-07,1072.800048828125
2010-04-08,1076.9000244140623
2010-04-09,1075.199951171875
2010-04-12,1065.0
2010-04-13,1065.0
2010-04-14,1085.0999755859377
2010-04-15,1074.800048828125
2010-04-16,1060.0
2010-04-19,1050.0
2010-04-20,1040.0
2010-04-21,1048.0
2010-04-22,1040.0
2010-04-23,1035.800048828125
2010-04-26,1055.0
2010-04-27,1043.0
2010-04-28,1020.0
2010-04-29,1055.0
2010-04-30,1050.0
2010-05-03,1040.0
2010-05-04,1040.0
2010-05-05,1040.0
2010-05-06,1038.0
2010-05-07,1032.800048828125
2010-05-10,1005.0
2010-05-11,999.780029296875
2010-05-12,1010.0
2010-05-13,999.0
2010-05-14,999.0
2010-05-17,999.0
2010-05-18,999.0
2010-05-19,990.0
2010-05-20,990.0
2010-05-24,980.0
2010-05-25,980.0
2010-05-26,960.0
2010-05-27,921.27001953125
2010-05-28,919.7999877929688
2010-05-31,900.0
2010-06-01,920.0
2010-06-02,930.0499877929688
2010-06-03,970.0
2010-06-04,970.0
2010-06-07,940.0
2010-06-08,931.0
2010-06-09,949.0
2010-06-10,950.2899780273438
2010-06-11,955.0
2010-06-14,960.0
2010-06-15,955.6699829101562
2010-06-16,958.0
2010-06-17,963.0
2010-06-18,975.0
2010-06-21,986.0
2010-06-22,995.0
2010-06-23,994.72998046875
2010-06-24,1000.0
2010-06-25,991.0
2010-06-29,1000.0999755859376
2010-06-30,992.0
2010-07-01,992.1900024414062
2010-07-02,980.0
2010-07-05,965.0
2010-07-06,975.0
2010-07-07,965.0999755859376
2010-07-08,989.989990234375
2010-07-09,989.760009765625
2010-07-12,975.3099975585938
2010-07-13,976.0
2010-07-14,986.0599975585938
2010-07-15,980.0999755859376
2010-07-19,980.0
2010-07-20,1030.0
2010-07-21,1060.5
2010-07-22,1056.199951171875
2010-07-23,1055.0
2010-07-26,1065.0
2010-07-27,1086.0
2010-07-28,1080.0999755859377
2010-07-29,1115.0
2010-07-30,1126.5
2010-08-02,1115.0
2010-08-03,1099.5
2010-08-04,1105.0
2010-08-05,1160.0
2010-08-06,1194.800048828125
2010-08-09,1222.0
2010-08-10,1239.5
2010-08-11,1230.0999755859375
2010-08-12,1190.0999755859375
2010-08-13,1200.0
2010-08-16,1204.989990234375
2010-08-17,1200.0
2010-08-18,1186.0
2010-08-19,1215.0
2010-08-20,1239.5999755859375
2010-08-23,1249.0
2010-08-24,1231.0
2010-08-25,1220.0
2010-08-26,1212.0
2010-08-27,1211.699951171875
2010-08-30,1205.0
2010-08-31,1195.0
2010-09-01,1195.0
2010-09-02,1190.0
2010-09-03,1163.0999755859375
2010-09-06,1162.9000244140625
2010-09-07,1140.0
2010-09-08,1159.9000244140625
2010-09-09,1200.0
2010-09-10,1200.0
2010-09-13,1197.0
2010-09-14,1212.0
2010-09-15,1230.0
2010-09-16,1220.0
2010-09-21,1240.0
2010-09-22,1280.0
2010-09-23,1290.800048828125
2010-09-24,1297.0
2010-09-27,1318.0
2010-09-28,1329.4000244140625
2010-09-29,1328.199951171875
2010-09-30,1316.0
2010-10-01,1295.0
2010-10-04,1270.0
2010-10-05,1290.0
2010-10-06,1280.0
2010-10-07,1275.699951171875
2010-10-08,1261.9000244140625
2010-10-12,1233.0
2010-10-13,1250.0
2010-10-14,1260.0
2010-10-15,1260.0
2010-10-18,1240.0
2010-10-19,1218.5999755859375
2010-10-20,1230.0
2010-10-21,1230.699951171875
2010-10-22,1275.0
2010-10-25,1270.0
2010-10-26,1252.199951171875
2010-10-27,1259.800048828125
2010-10-28,1259.0999755859375
2010-10-29,1285.0
2010-11-02,1308.0
2010-11-03,1295.0
2010-11-04,1320.0
2010-11-05,1314.300048828125
2010-11-08,1300.0
2010-11-09,1300.0
2010-11-10,1300.0
2010-11-11,1300.0
2010-11-12,1300.0
2010-11-15,1292.0999755859375
2010-11-16,1282.0
2010-11-17,1276.0
2010-11-18,1293.0
2010-11-19,1296.0
2010-11-22,1301.5999755859375
2010-11-23,1304.5
2010-11-24,1300.0
2010-11-25,1295.300048828125
2010-11-26,1295.0
2010-11-29,1301.300048828125
2010-11-30,1287.300048828125
2010-12-01,1300.0
2010-12-02,1285.0
2010-12-03,1285.0
2010-12-06,1280.699951171875
2010-12-07,1275.0
2010-12-09,1282.0
2010-12-10,1260.0999755859375
2010-12-13,1260.0
2010-12-14,1242.0
2010-12-15,1240.0
2010-12-16,1234.0
2010-12-17,1241.0
2010-12-20,1239.5
2010-12-21,1210.0
2010-12-22,1210.0
2010-12-23,1195.0
2010-12-24,1204.0
2010-12-27,1201.0
2010-12-28,1190.0
2010-12-29,1194.0999755859375
2010-12-30,1198.0
2011-01-03,1240.0
2011-01-04,1221.0
2011-01-05,1211.0
2011-01-06,1190.0
2011-01-07,1200.0
2011-01-10,1260.0
2011-01-11,1244.4000244140625
2011-01-12,1250.0
2011-01-13,1231.300048828125
2011-01-14,1235.0
2011-01-17,1225.0999755859375
2011-01-18,1251.0
2011-01-19,1235.0
2011-01-20,1239.0
2011-01-21,1260.0
2011-01-24,1270.0999755859375
2011-01-25,1300.5
2011-01-26,1290.0
2011-01-27,1280.0
2011-01-28,1200.0
2011-01-31,1201.0
2011-02-01,1242.0
2011-02-02,1275.9000244140625
2011-02-03,1265.0
2011-02-04,1245.0
2011-02-07,1259.800048828125
2011-02-08,1260.0
2011-02-09,1255.300048828125
2011-02-10,1229.0
2011-02-11,1250.0
2011-02-14,1240.0
2011-02-15,1239.0
2011-02-16,1240.699951171875
2011-02-17,1231.5999755859375
2011-02-18,1230.0
2011-02-21,1216.0999755859375
2011-02-22,1215.0
2011-02-23,1207.0
2011-02-24,1150.0
2011-02-25,1215.0
2011-02-28,1215.0
2011-03-01,1230.0999755859375
2011-03-02,1229.0
2011-03-03,1209.0
2011-03-04,1220.0
2011-03-07,1224.0
2011-03-08,1206.0999755859375
2011-03-09,1200.0
2011-03-10,1200.0
2011-03-11,1195.0
2011-03-14,1175.0999755859375
2011-03-15,1171.0
2011-03-16,1183.0
2011-03-17,1170.0
2011-03-18,1159.300048828125
2011-03-21,1170.0
2011-03-22,1180.0
2011-03-23,1208.9000244140625
2011-03-24,1217.0
2011-03-25,1209.9000244140625
2011-03-28,1215.0
2011-03-29,1217.800048828125
2011-03-30,1210.4000244140625
2011-03-31,1219.0
2011-04-01,1215.0999755859375
2011-04-04,1237.5
2011-04-05,1243.4000244140625
2011-04-06,1271.4000244140625
2011-04-07,1254.9000244140625
2011-04-08,1259.5999755859375
2011-04-11,1258.5999755859375
2011-04-12,1259.800048828125
2011-04-13,1254.4000244140625
2011-04-14,1245.4000244140625
2011-04-15,1260.0
2011-04-18,1250.0999755859375
2011-04-19,1241.800048828125
2011-04-20,1245.0999755859375
2011-04-21,1239.9000244140625
2011-04-25,1250.0
2011-04-26,1255.0
2011-04-27,1240.0
2011-04-28,1240.0
2011-04-29,1235.0
2011-05-02,1243.4000244140625
2011-05-03,1235.0
2011-05-04,1275.0
2011-05-05,1258.9000244140625
2011-05-06,1317.699951171875
2011-05-09,1339.0999755859375
2011-05-10,1335.0
2011-05-11,1330.0
2011-05-12,1340.4000244140625
2011-05-13,1344.699951171875
2011-05-16,1350.0
2011-05-17,1250.0
2011-05-18,1301.0
2011-05-19,1273.0999755859375
2011-05-20,1330.0
2011-05-23,1320.0
2011-05-24,1325.0999755859375
2011-05-25,1320.0
2011-05-26,1316.4000244140625
2011-05-27,1344.9000244140625
2011-05-30,1341.5999755859375
2011-05-31,1353.699951171875
2011-06-01,1373.9000244140625
2011-06-02,1344.699951171875
2011-06-03,1338.0999755859375
2011-06-06,1327.0
2011-06-07,1312.5
2011-06-08,1301.800048828125
2011-06-09,1314.0
2011-06-10,1319.5999755859375
2011-06-13,1298.5
2011-06-14,1270.5999755859375
2011-06-15,1255.0999755859375
2011-06-16,1239.0
2011-06-17,1279.5
2011-06-20,1279.300048828125
2011-06-21,1295.0
2011-06-22,1289.800048828125
2011-06-23,1265.0
2011-06-24,1299.9000244140625
2011-06-28,1267.0999755859375
2011-06-29,1270.5999755859375
2011-06-30,1306.9000244140625
2011-07-01,1309.199951171875
2011-07-04,1320.699951171875
2011-07-05,1308.699951171875
2011-07-06,1319.4000244140625
2011-07-07,1328.4000244140625
2011-07-08,1326.0
2011-07-11,1320.4000244140625
2011-07-12,1322.300048828125
2011-07-13,1330.0
2011-07-14,1300.0
2011-07-15,1302.4000244140625
2011-07-18,1302.25
2011-07-19,1285.0
2011-07-20,1285.0
2011-07-21,1264.5999755859375
2011-07-22,1266.0999755859375
2011-07-25,1273.5999755859375
2011-07-26,1277.300048828125
2011-07-27,1245.0
2011-07-28,1233.5
2011-07-29,1225.9000244140625
2011-08-01,1230.0
2011-08-02,1228.9000244140625
2011-08-03,1215.0
2011-08-04,1190.0
2011-08-05,1173.699951171875
2011-08-08,1070.0999755859377
2011-08-09,1052.9000244140623
2011-08-10,1125.0
2011-08-11,1199.699951171875
2011-08-12,1234.199951171875
2011-08-16,1239.800048828125
2011-08-17,1220.199951171875
2011-08-18,1150.0
2011-08-19,1190.0
2011-08-22,1210.0
2011-08-23,1197.5
2011-08-24,1214.0
2011-08-25,1221.4000244140625
2011-08-26,1218.0
2011-08-29,1220.0
2011-08-30,1209.5
2011-08-31,1236.4000244140625
2011-09-01,1284.5
2011-09-02,1265.0
2011-09-05,1230.0
2011-09-06,1216.800048828125
2011-09-07,1240.0
2011-09-08,1251.0999755859375
2011-09-09,1269.9000244140625
2011-09-12,1220.0
2011-09-13,1216.0
2011-09-14,1232.5999755859375
2011-09-15,1237.0
2011-09-16,1249.9000244140625
2011-09-20,1261.9000244140625
2011-09-21,1282.699951171875
2011-09-22,1245.0
2011-09-23,1195.0
2011-09-26,1196.9000244140625
2011-09-27,1216.0
2011-09-28,1241.0999755859375
2011-09-29,1241.4000244140625
2011-09-30,1231.0
2011-10-03,1235.300048828125
2011-10-04,1207.0999755859375
2011-10-05,1163.5
2011-10-06,1176.0
2011-10-07,1211.300048828125
2011-10-11,1209.4000244140625
2011-10-12,1234.5
2011-10-13,1231.9000244140625
2011-10-14,1228.4000244140625
2011-10-17,1230.0999755859375
2011-10-18,1231.0
2011-10-19,1237.199951171875
2011-10-20,1247.9000244140625
2011-10-21,1249.9000244140625
2011-10-24,1265.0
2011-10-25,1294.0
2011-10-26,1285.300048828125
2011-10-27,1308.699951171875
2011-10-28,1344.9000244140625
2011-11-02,1339.699951171875
2011-11-03,1350.0
2011-11-04,1380.199951171875
2011-11-07,1370.0999755859375
2011-11-08,1369.5999755859375
2011-11-09,1357.5999755859375
2011-11-10,1316.0
2011-11-11,1285.4000244140625
2011-11-14,1328.9000244140625
2011-11-15,1322.199951171875
2011-11-16,1321.199951171875
2011-11-17,1352.4000244140625
2011-11-18,1313.4000244140625
2011-11-21,1300.0
2011-11-22,1320.300048828125
2011-11-23,1290.800048828125
2011-11-24,1257.4000244140625
2011-11-25,1300.9000244140625
2011-11-28,1254.300048828125
2011-11-29,1276.300048828125
2011-11-30,1318.4000244140625
2011-12-01,1311.699951171875
2011-12-02,1319.5999755859375
2011-12-05,1319.5
2011-12-06,1312.5999755859375
2011-12-07,1307.300048828125
2011-12-09,1320.0
2011-12-12,1315.4000244140625
2011-12-13,1320.0
2011-12-14,1344.800048828125
2011-12-15,1330.0
2011-12-16,1338.9000244140625
2011-12-19,1335.5
2011-12-20,1347.5
2011-12-21,1352.0
2011-12-22,1355.0999755859375
2011-12-23,1351.699951171875
2011-12-26,1340.5999755859375
2011-12-27,1348.9000244140625
2011-12-28,1362.699951171875
2011-12-29,1373.0999755859375
2011-12-30,1380.0
2012-01-02,1380.5
2012-01-03,1393.0
2012-01-04,1392.0999755859375
2012-01-05,1398.699951171875
2012-01-06,1399.9000244140625
2012-01-09,1419.5999755859375
2012-01-10,1441.0999755859375
2012-01-11,1430.699951171875
2012-01-12,1405.0
2012-01-13,1390.199951171875
2012-01-16,1391.5
2012-01-17,1404.800048828125
2012-01-18,1397.9000244140625
2012-01-19,1388.9000244140625
2012-01-20,1410.0
2012-01-23,1411.0
2012-01-24,1408.800048828125
2012-01-25,1398.699951171875
2012-01-26,1398.0
2012-01-27,1398.0
2012-01-30,1382.5999755859375
2012-01-31,1388.0
2012-02-01,1417.199951171875
2012-02-02,1404.800048828125
2012-02-03,1396.0999755859375
2012-02-06,1394.5999755859375
2012-02-07,1385.4000244140625
2012-02-08,1386.4000244140625
2012-02-09,1394.699951171875
2012-02-10,1404.9000244140625
2012-02-13,1400.0
2012-02-14,1414.9000244140625
2012-02-15,1409.0
2012-02-16,1400.0
2012-02-17,1397.4000244140625
2012-02-20,1388.699951171875
2012-02-21,1370.0
2012-02-22,1360.5
2012-02-23,1369.800048828125
2012-02-24,1360.0
2012-02-27,1367.5999755859375
2012-02-28,1368.9000244140625
2012-02-29,1366.0999755859375
2012-03-01,1351.0
2012-03-02,1367.800048828125
2012-03-05,1365.0
2012-03-06,1356.5999755859375
2012-03-07,1359.199951171875
2012-03-08,1357.800048828125
2012-03-09,1363.300048828125
2012-03-12,1356.4000244140625
2012-03-13,1362.199951171875
2012-03-14,1361.5999755859375
2012-03-15,1368.5
2012-03-16,1363.9000244140625
2012-03-19,1363.699951171875
2012-03-20,1364.300048828125
2012-03-21,1358.9000244140625
2012-03-22,1355.9000244140625
2012-03-23,1346.800048828125
2012-03-26,1346.800048828125
2012-03-27,1354.0999755859375
2012-03-28,1346.199951171875
2012-03-29,1347.5
2012-03-30,1328.199951171875
2012-04-02,1349.699951171875
2012-04-03,1363.0
2012-04-04,1353.800048828125
2012-04-05,1364.5999755859375
2012-04-09,1389.699951171875
2012-04-10,1374.9000244140625
2012-04-11,1361.9000244140625
2012-04-12,1329.9000244140625
2012-04-13,1338.5999755859375
2012-04-16,1336.699951171875
2012-04-17,1317.9000244140625
2012-04-18,1341.0
2012-04-19,1329.0
2012-04-20,1313.0
2012-04-23,1323.699951171875
2012-04-24,1321.0
2012-04-25,1336.699951171875
2012-04-26,1328.800048828125
2012-04-27,1305.5
2012-04-30,1304.800048828125
2012-05-02,1299.800048828125
2012-05-03,1286.0999755859375
2012-05-04,1268.9000244140625
2012-05-07,1279.9000244140625
2012-05-08,1262.5
2012-05-09,1270.0
2012-05-10,1281.9000244140625
2012-05-11,1288.4000244140625
2012-05-14,1250.5999755859375
2012-05-15,1233.300048828125
2012-05-16,1220.5999755859375
2012-05-17,1189.9000244140625
2012-05-18,1178.0999755859375
2012-05-22,1174.9000244140625
2012-05-23,1180.0
2012-05-24,1186.4000244140625
2012-05-25,1190.300048828125
2012-05-28,1189.0
2012-05-29,1181.300048828125
2012-05-30,1170.4000244140625
2012-05-31,1182.199951171875
2012-06-01,1195.199951171875
2012-06-04,1176.0
2012-06-05,1170.0
2012-06-06,1170.800048828125
2012-06-07,1189.800048828125
2012-06-08,1204.4000244140625
2012-06-11,1234.300048828125
2012-06-12,1219.4000244140625
2012-06-13,1204.5
2012-06-14,1201.9000244140625
2012-06-15,1210.5
2012-06-18,1236.0
2012-06-19,1236.5999755859375
2012-06-20,1229.300048828125
2012-06-21,1223.0
2012-06-22,1199.9000244140625
2012-06-25,1186.0
2012-06-26,1184.5
2012-06-27,1190.0
2012-06-28,1187.300048828125
2012-06-29,1183.800048828125
2012-07-03,1190.699951171875
2012-07-04,1178.800048828125
2012-07-05,1195.0999755859375
2012-07-06,1181.699951171875
2012-07-09,1183.5999755859375
2012-07-10,1175.5
2012-07-11,1156.9000244140625
2012-07-12,1150.9000244140625
2012-07-13,1132.5
2012-07-17,1118.300048828125
2012-07-18,1124.5
2012-07-19,1139.4000244140625
2012-07-20,1129.300048828125
2012-07-23,1120.0
2012-07-24,1102.4000244140623
2012-07-25,1102.0999755859377
2012-07-26,1100.0
2012-07-27,1088.699951171875
2012-07-30,1097.0999755859377
2012-07-31,1097.9000244140623
2012-08-01,1090.5999755859377
2012-08-02,1075.0999755859377
2012-08-03,1102.699951171875
2012-08-06,1117.300048828125
2012-08-07,1119.5
2012-08-08,1119.5999755859377
2012-08-09,1130.5
2012-08-10,1136.9000244140625
2012-08-13,1146.199951171875
2012-08-14,1147.199951171875
2012-08-16,1157.5
2012-08-17,1173.199951171875
2012-08-20,1185.800048828125
2012-08-21,1192.300048828125
2012-08-22,1172.5999755859375
2012-08-23,1159.5
2012-08-24,1165.0
2012-08-27,1160.0
2012-08-28,1155.0
2012-08-29,1160.199951171875
2012-08-30,1165.0
2012-08-31,1164.800048828125
2012-09-03,1167.0
2012-09-04,1151.199951171875
2012-09-05,1158.0
2012-09-06,1141.800048828125
2012-09-07,1141.9000244140625
2012-09-10,1147.5999755859375
2012-09-11,1143.0999755859375
2012-09-12,1166.699951171875
2012-09-13,1160.0
2012-09-14,1169.4000244140625
2012-09-20,1181.300048828125
2012-09-21,1170.0
2012-09-24,1181.800048828125
2012-09-25,1175.699951171875
2012-09-26,1185.199951171875
2012-09-27,1173.800048828125
2012-09-28,1167.5999755859375
2012-10-01,1158.300048828125
2012-10-02,1166.0999755859375
2012-10-03,1180.0
2012-10-04,1185.4000244140625
2012-10-05,1187.0
2012-10-08,1177.9000244140625
2012-10-09,1170.800048828125
2012-10-10,1160.9000244140625
2012-10-11,1169.699951171875
2012-10-12,1170.0
2012-10-16,1174.5
2012-10-17,1167.5999755859375
2012-10-18,1197.800048828125
2012-10-19,1238.800048828125
2012-10-22,1218.699951171875
2012-10-23,1200.0999755859375
2012-10-24,1190.199951171875
2012-10-25,1190.0
2012-10-26,1190.0
2012-10-29,1183.5999755859375
2012-10-30,1180.0
2012-10-31,1177.5999755859375
2012-11-05,1176.0999755859375
2012-11-06,1190.300048828125
2012-11-07,1197.800048828125
2012-11-08,1185.0
2012-11-09,1179.300048828125
2012-11-12,1175.0
2012-11-13,1171.9000244140625
2012-11-14,1160.0999755859375
2012-11-15,1154.0
2012-11-16,1148.199951171875
2012-11-19,1148.5
2012-11-20,1142.9000244140625
2012-11-21,1145.300048828125
2012-11-22,1137.5
2012-11-23,1129.0
2012-11-26,1121.9000244140623
2012-11-27,1124.0
2012-11-28,1118.800048828125
2012-11-29,1113.5999755859377
2012-11-30,1109.699951171875
2012-12-03,1114.199951171875
2012-12-04,1126.0999755859375
2012-12-05,1112.5
2012-12-06,1135.4000244140625
2012-12-07,1138.0
2012-12-10,1130.0
2012-12-11,1117.699951171875
2012-12-12,1113.9000244140623
2012-12-13,1124.0
2012-12-14,1117.199951171875
2012-12-17,1113.699951171875
2012-12-18,1121.5
2012-12-19,1131.300048828125
2012-12-20,1130.0999755859375
2012-12-21,1135.300048828125
2012-12-24,1126.0
2012-12-26,1130.0
2012-12-27,1126.699951171875
2012-12-28,1125.0
2013-01-02,1124.0999755859377
2013-01-03,1124.4000244140623
2013-01-04,1123.699951171875
2013-01-07,1124.5999755859377
2013-01-08,1150.0
2013-01-09,1143.9000244140625
2013-01-10,1121.699951171875
2013-01-11,1113.800048828125
2013-01-14,1099.0999755859377
2013-01-15,1094.5
2013-01-16,1106.199951171875
2013-01-17,1126.0
2013-01-18,1128.0
2013-01-21,1121.699951171875
2013-01-22,1113.5
2013-01-23,1105.800048828125
2013-01-24,1096.300048828125
2013-01-25,1105.0
2013-01-28,1124.5
2013-01-29,1129.0999755859375
2013-01-30,1148.699951171875
2013-01-31,1142.0
2013-02-01,1113.199951171875
2013-02-04,1115.0
2013-02-05,1115.0
2013-02-06,1119.4000244140623
2013-02-07,1108.9000244140623
2013-02-08,1113.699951171875
2013-02-11,1111.699951171875
2013-02-12,1110.0
2013-02-13,1111.5999755859377
2013-02-14,1115.0999755859377
2013-02-15,1110.0999755859377
2013-02-18,1107.4000244140623
2013-02-19,1106.199951171875
2013-02-20,1102.699951171875
2013-02-21,1086.0999755859377
2013-02-22,1087.4000244140623
2013-02-25,1086.300048828125
2013-02-26,1076.300048828125
2013-02-27,1066.9000244140623
2013-02-28,1063.800048828125
2013-03-01,1070.199951171875
2013-03-04,1083.300048828125
2013-03-05,1081.5
2013-03-06,1054.9000244140623
2013-03-07,1044.5999755859377
2013-03-08,1040.0
2013-03-11,1050.0
2013-03-12,1037.0
2013-03-13,1027.0
2013-03-14,1015.7000122070312
2013-03-15,1016.0
2013-03-18,1012.0
2013-03-19,1004.5
2013-03-20,1010.0
2013-03-21,1011.2000122070312
2013-03-22,1002.4000244140624
2013-03-25,992.6799926757812
2013-03-26,995.0
2013-03-27,995.3900146484376
2013-03-28,990.0800170898438
2013-04-01,1005.4000244140624
2013-04-02,995.9500122070312
2013-04-03,981.5900268554688
2013-04-04,979.1699829101562
2013-04-05,976.989990234375
2013-04-08,972.77001953125
2013-04-09,980.0
2013-04-10,979.8699951171876
2013-04-11,975.9500122070312
2013-04-12,967.8400268554688
2013-04-15,968.0
2013-04-16,953.02001953125
2013-04-17,933.5999755859376
2013-04-18,919.6400146484376
2013-04-19,919.7999877929688
2013-04-22,938.4400024414062
2013-04-23,925.5800170898438
2013-04-24,916.1400146484376
2013-04-25,914.0
2013-04-26,932.7000122070312
2013-04-29,969.6699829101562
2013-04-30,983.0
2013-05-02,987.3400268554688
2013-05-03,978.7000122070312
2013-05-06,989.8300170898438
2013-05-07,989.0
2013-05-08,1025.0
2013-05-09,1020.5999755859376
2013-05-10,1016.5999755859376
2013-05-13,985.010009765625
2013-05-14,985.0499877929688
2013-05-15,975.0
2013-05-16,982.510009765625
2013-05-17,969.989990234375
2013-05-20,973.72998046875
2013-05-22,966.0
2013-05-23,966.6799926757812
2013-05-24,960.02001953125
2013-05-27,954.6099853515624
2013-05-28,930.22998046875
2013-05-29,935.0
2013-05-30,921.510009765625
2013-05-31,933.0
2013-06-03,927.1799926757812
2013-06-04,917.0599975585938
2013-06-05,934.97998046875
2013-06-06,939.97998046875
2013-06-07,930.4000244140624
2013-06-10,910.9199829101562
2013-06-11,866.0999755859375
2013-06-12,867.5599975585938
2013-06-13,870.0999755859375
2013-06-14,868.0999755859375
2013-06-17,865.3200073242188
2013-06-18,861.8099975585938
2013-06-19,870.0
2013-06-20,845.0
2013-06-21,856.0
2013-06-24,841.0
2013-06-25,839.0399780273438
2013-06-26,860.0
2013-06-27,844.3200073242188
2013-06-28,849.0800170898438
2013-07-01,858.1900024414062
2013-07-02,855.0
2013-07-03,835.1300048828125
2013-07-04,831.0
2013-07-05,832.780029296875
2013-07-08,810.0
2013-07-09,780.0
2013-07-10,782.7999877929688
2013-07-11,773.2899780273438
2013-07-12,777.5700073242188
2013-07-15,771.0
2013-07-17,799.0
2013-07-18,808.0700073242188
2013-07-19,829.9000244140625
2013-07-22,816.9299926757812
2013-07-23,820.6699829101562
2013-07-24,824.22998046875
2013-07-25,824.97998046875
2013-07-26,820.9099731445312
2013-07-29,805.8099975585938
2013-07-30,810.0
2013-07-31,808.4600219726562
2013-08-01,799.239990234375
2013-08-02,797.9199829101562
2013-08-05,779.9099731445312
2013-08-06,770.0
2013-08-07,743.5499877929688
2013-08-08,737.530029296875
2013-08-09,741.8400268554688
2013-08-12,751.5800170898438
2013-08-13,750.0
2013-08-14,742.989990234375
2013-08-16,736.719970703125
2013-08-19,729.280029296875
2013-08-20,727.5399780273438
2013-08-21,720.0
2013-08-22,715.02001953125
2013-08-23,712.3400268554688
2013-08-26,683.0
2013-08-27,683.0800170898438
2013-08-28,673.1799926757812
2013-08-29,671.5
2013-08-30,660.1500244140625
2013-09-02,665.969970703125
2013-09-03,670.4000244140625
2013-09-04,659.0700073242188
2013-09-05,715.0
2013-09-06,715.0
2013-09-09,744.0
2013-09-10,744.0
2013-09-11,725.0999755859375
2013-09-12,751.219970703125
2013-09-13,738.469970703125
2013-09-16,728.4500122070312
2013-09-17,730.0
2013-09-23,755.0
2013-09-24,755.0
2013-09-25,753.5700073242188
2013-09-26,756.0
2013-09-27,756.0
2013-09-30,739.989990234375
2013-10-01,739.989990234375
2013-10-02,724.739990234375
2013-10-03,720.27001953125
2013-10-04,715.77001953125
2013-10-07,707.489990234375
2013-10-08,712.0
2013-10-09,705.0
2013-10-10,705.0
2013-10-11,719.1400146484375
2013-10-14,734.9600219726562
2013-10-15,735.0
2013-10-16,748.5599975585938
2013-10-17,757.2000122070312
2013-10-18,751.77001953125
2013-10-21,750.3900146484375
2013-10-22,792.0399780273438
2013-10-23,792.0399780273438
2013-10-24,805.0
2013-10-25,808.5700073242188
2013-10-28,808.5700073242188
2013-10-29,805.8300170898438
2013-10-30,796.1300048828125
2013-11-04,798.97998046875
2013-11-05,779.4299926757812
2013-11-06,757.280029296875
2013-11-07,755.02001953125
2013-11-08,737.3200073242188
2013-11-11,730.010009765625
2013-11-12,733.0999755859375
2013-11-13,733.0999755859375
2013-11-14,720.1500244140625
2013-11-15,716.7000122070312
2013-11-18,722.9400024414062
2013-11-19,734.1900024414062
2013-11-20,720.010009765625
2013-11-21,709.8599853515625
2013-11-22,710.0
2013-11-25,710.0
2013-11-26,691.72998046875
2013-11-27,691.72998046875
2013-11-28,698.1900024414062
2013-11-29,696.0
2013-12-02,692.0
2013-12-03,697.1699829101562
2013-12-04,685.739990234375
2013-12-05,666.8099975585938
2013-12-06,674.4000244140625
2013-12-09,665.2999877929688
2013-12-10,665.2999877929688
2013-12-11,656.1099853515625
2013-12-12,654.0999755859375
2013-12-13,643.8499755859375
2013-12-16,640.7100219726562
2013-12-17,660.6599731445312
2013-12-18,661.6099853515625
2013-12-19,677.2899780273438
2013-12-20,683.0
2013-12-23,683.8599853515625
2013-12-24,662.0
2013-12-26,660.0
2013-12-27,660.8499755859375
2013-12-30,683.1099853515625
2014-01-02,679.030029296875
2014-01-03,684.0499877929688
2014-01-06,682.010009765625
2014-01-07,682.0
2014-01-08,676.0
2014-01-09,660.7000122070312
2014-01-10,652.7100219726562
2014-01-13,659.4500122070312
2014-01-14,654.3400268554688
2014-01-15,651.780029296875
2014-01-16,633.6400146484375
2014-01-17,694.6799926757812
2014-01-20,692.510009765625
2014-01-21,685.0
2014-01-22,698.5599975585938
2014-01-23,706.8499755859375
2014-01-24,710.9500122070312
2014-01-27,676.010009765625
2014-01-28,676.010009765625
2014-01-29,660.010009765625
2014-01-30,660.22998046875
2014-01-31,663.6300048828125
2014-02-03,673.6400146484375
2014-02-04,697.5399780273438
2014-02-05,681.8099975585938
2014-02-06,691.6300048828125
2014-02-07,696.219970703125
2014-02-10,697.4099731445312
2014-02-11,719.6400146484375
2014-02-12,716.4299926757812
2014-02-13,733.0499877929688
2014-02-14,739.8599853515625
2014-02-17,749.3699951171875
2014-02-18,750.0
2014-02-19,736.8499755859375
2014-02-20,746.72998046875
2014-02-21,745.3400268554688
2014-02-24,745.6300048828125
2014-02-25,746.6900024414062
2014-02-26,748.0
2014-02-27,740.010009765625
2014-02-28,735.4600219726562
2014-03-03,741.4000244140625
2014-03-04,732.5
2014-03-05,736.6400146484375
2014-03-06,737.8499755859375
2014-03-07,734.010009765625
2014-03-10,730.0
2014-03-11,718.8599853515625
2014-03-12,724.47998046875
2014-03-13,735.0
2014-03-14,726.280029296875
2014-03-17,725.3599853515625
2014-03-18,736.4199829101562
2014-03-19,732.530029296875
2014-03-20,730.9299926757812
2014-03-21,735.030029296875
2014-03-24,735.3099975585938
2014-03-25,732.1099853515625
2014-03-26,726.1500244140625
2014-03-27,722.0900268554688
2014-03-28,738.0
2014-03-31,740.0
2014-04-01,720.0
2014-04-02,710.0999755859375
2014-04-03,714.3699951171875
2014-04-04,713.6799926757812
2014-04-07,724.0
2014-04-08,724.0
2014-04-09,735.6500244140625
2014-04-10,733.530029296875
2014-04-11,732.77001953125
2014-04-14,743.8200073242188
2014-04-15,722.0999755859375
2014-04-16,722.0999755859375
2014-04-17,724.0
2014-04-21,719.989990234375
2014-04-22,719.6300048828125
2014-04-23,718.1099853515625
2014-04-24,713.0
2014-04-25,710.0
2014-04-28,702.8200073242188
2014-04-29,702.6699829101562
2014-04-30,702.8800048828125
2014-05-02,716.02001953125
2014-05-05,724.9500122070312
2014-05-06,709.8200073242188
2014-05-07,725.0
2014-05-08,729.4500122070312
2014-05-09,715.3300170898438
2014-05-12,719.7999877929688
2014-05-13,723.0
2014-05-14,722.0
2014-05-15,719.9299926757812
2014-05-16,712.8900146484375
2014-05-19,680.2000122070312
2014-05-20,680.2000122070312
2014-05-22,675.0
2014-05-23,675.0
2014-05-26,692.0700073242188
2014-05-27,703.1799926757812
2014-05-28,707.8099975585938
2014-05-29,707.8099975585938
2014-05-30,734.5499877929688
2014-06-02,717.530029296875
2014-06-03,742.0
2014-06-04,742.0
2014-06-05,741.739990234375
2014-06-06,746.0
2014-06-09,745.0499877929688
2014-06-10,742.3099975585938
2014-06-11,732.0
2014-06-12,732.0
2014-06-13,731.0599975585938
2014-06-16,725.0
2014-06-17,725.3400268554688
2014-06-18,720.02001953125
2014-06-19,734.5
2014-06-20,736.3099975585938
2014-06-23,739.0
2014-06-24,739.4299926757812
2014-06-25,739.8499755859375
2014-06-26,737.010009765625
2014-06-27,742.2100219726562
2014-06-30,742.7999877929688
2014-07-01,735.0599975585938
2014-07-02,733.0
2014-07-03,738.5599975585938
2014-07-04,744.989990234375
2014-07-07,744.0999755859375
2014-07-08,764.989990234375
2014-07-09,764.989990234375
2014-07-10,782.2000122070312
2014-07-11,780.010009765625
2014-07-14,785.0
2014-07-15,790.9600219726562
2014-07-17,790.0
2014-07-18,786.0
2014-07-21,779.1300048828125
2014-07-22,774.1300048828125
2014-07-23,774.1300048828125
2014-07-24,777.7999877929688
2014-07-25,779.0
2014-07-28,784.0
2014-07-29,780.0
2014-07-30,790.0999755859375
2014-07-31,795.0
2014-08-01,790.719970703125
2014-08-04,800.0
2014-08-05,815.8800048828125
2014-08-06,815.8800048828125
2014-08-07,817.2899780273438
2014-08-08,814.1400146484375
2014-08-11,813.52001953125
2014-08-12,817.0
2014-08-13,829.0
2014-08-14,829.0
2014-08-18,829.989990234375
2014-08-19,830.0
2014-08-20,821.5700073242188
2014-08-21,826.2899780273438
2014-08-22,828.5499877929688
2014-08-25,832.02001953125
2014-08-26,828.3099975585938
2014-08-27,826.0999755859375
2014-08-28,828.0
2014-08-29,846.8200073242188
2014-09-01,853.0999755859375
2014-09-02,845.0399780273438
2014-09-03,845.0399780273438
2014-09-04,861.030029296875
2014-09-05,866.0800170898438
2014-09-08,869.7100219726562
2014-09-09,863.0
2014-09-10,863.0
2014-09-11,859.489990234375
2014-09-12,852.4099731445312
2014-09-15,847.0599975585938
2014-09-16,850.030029296875
2014-09-17,861.1599731445312
2014-09-22,877.1099853515625
2014-09-23,860.1199951171875
2014-09-24,839.969970703125
2014-09-25,840.0
2014-09-26,841.8400268554688
2014-09-29,849.2000122070312
2014-09-30,842.6300048828125
2014-10-01,849.5499877929688
2014-10-02,849.989990234375
2014-10-03,849.989990234375
2014-10-06,854.0
2014-10-07,856.27001953125
2014-10-08,836.969970703125
2014-10-09,836.969970703125
2014-10-10,825.8699951171875
2014-10-13,815.0
2014-10-14,833.9400024414062
2014-10-15,828.5
2014-10-16,814.0
2014-10-17,822.0
2014-10-20,804.530029296875
2014-10-21,824.0
2014-10-22,841.0
2014-10-23,845.0
2014-10-24,845.0
2014-10-27,832.5399780273438
2014-10-28,817.9400024414062
2014-10-29,820.9600219726562
2014-10-30,814.9199829101562
2014-11-03,849.469970703125
2014-11-04,854.8300170898438
2014-11-05,850.0
2014-11-06,864.3599853515625
2014-11-07,870.1699829101562
2014-11-10,863.72998046875
2014-11-11,855.97998046875
2014-11-12,855.8499755859375
2014-11-13,850.0
2014-11-14,851.0599975585938
2014-11-17,859.969970703125
2014-11-18,852.75
2014-11-19,854.5800170898438
2014-11-20,866.1099853515625
2014-11-21,873.1900024414062
2014-11-24,870.0
2014-11-25,860.6199951171875
2014-11-26,861.280029296875
2014-11-27,850.0
2014-11-28,846.030029296875
2014-12-01,856.8300170898438
2014-12-02,845.0
2014-12-03,863.1300048828125
2014-12-04,870.6699829101562
2014-12-05,880.1699829101562
2014-12-09,912.0
2014-12-10,914.8499755859376
2014-12-11,929.6900024414062
2014-12-12,922.2000122070312
2014-12-15,910.5900268554688
2014-12-16,897.3499755859375
2014-12-17,880.02001953125
2014-12-18,884.7100219726562
2014-12-19,891.1400146484375
2014-12-22,902.1599731445312
2014-12-23,905.9000244140624
2014-12-24,901.7000122070312
2014-12-26,904.7999877929688
2014-12-29,899.0
2014-12-30,890.489990234375
2015-01-02,885.0
2015-01-05,899.3300170898438
2015-01-06,919.4600219726562
2015-01-07,939.1699829101562
2015-01-08,930.010009765625
2015-01-09,948.5
2015-01-12,949.9600219726562
2015-01-13,953.0
2015-01-14,940.0
2015-01-15,926.0900268554688
2015-01-16,926.0
2015-01-19,929.989990234375
2015-01-20,948.719970703125
2015-01-21,935.3699951171876
2015-01-22,934.0
2015-01-23,940.0
2015-01-26,966.010009765625
2015-01-27,966.0
2015-01-28,988.9600219726562
2015-01-29,990.0
2015-01-30,996.8800048828124
2015-02-02,989.3900146484376
2015-02-03,993.6799926757812
2015-02-04,1000.0
2015-02-05,994.989990234375
2015-02-06,985.219970703125
2015-02-09,980.0
2015-02-10,986.75
2015-02-11,992.0
2015-02-12,999.2100219726562
2015-02-13,1000.2000122070312
2015-02-16,1011.0
2015-02-17,1025.0999755859377
2015-02-18,1022.0
2015-02-19,1010.2999877929688
2015-02-20,1012.0
2015-02-23,1007.0
2015-02-24,1000.2000122070312
2015-02-25,1013.4000244140624
2015-02-26,1010.0
2015-02-27,1005.0
2015-03-02,1020.0999755859376
2015-03-03,998.6900024414062
2015-03-04,1000.0
2015-03-05,992.0
2015-03-06,990.0
2015-03-09,985.0
2015-03-10,988.1599731445312
2015-03-11,994.0
2015-03-12,994.0
2015-03-13,992.3200073242188
2015-03-16,989.1799926757812
2015-03-17,994.0
2015-03-18,998.77001953125
2015-03-19,990.0
2015-03-20,982.3599853515624
2015-03-23,978.4199829101562
2015-03-24,975.1500244140624
2015-03-25,977.8400268554688
2015-03-26,976.0
2015-03-27,971.0
2015-03-30,967.6099853515624
2015-03-31,978.760009765625
2015-04-01,978.77001953125
2015-04-02,980.0
2015-04-06,985.0
2015-04-07,988.4099731445312
2015-04-08,985.010009765625
2015-04-09,980.0
2015-04-10,995.0
2015-04-13,995.0
2015-04-14,987.8599853515624
2015-04-15,973.0
2015-04-16,969.4000244140624
2015-04-17,961.760009765625
2015-04-20,965.0
2015-04-21,960.0
2015-04-22,969.989990234375
2015-04-23,970.0
2015-04-24,970.0999755859376
2015-04-27,981.5999755859376
2015-04-28,1004.0
2015-04-29,990.0
2015-04-30,979.989990234375
2015-05-04,995.0499877929688
2015-05-05,995.0
2015-05-06,995.0
2015-05-07,993.9000244140624
2015-05-08,984.1500244140624
2015-05-11,980.0
2015-05-12,977.6599731445312
2015-05-13,975.3200073242188
2015-05-14,962.739990234375
2015-05-15,970.0
2015-05-18,961.5599975585938
2015-05-19,955.4000244140624
2015-05-20,949.989990234375
2015-05-22,944.780029296875
2015-05-25,920.1900024414062
2015-05-26,925.0
2015-05-27,910.1400146484376
2015-05-28,915.0
2015-05-29,912.0
2015-06-01,900.0
2015-06-02,885.0
2015-06-03,851.469970703125
2015-06-04,883.5499877929688
2015-06-05,889.030029296875
2015-06-08,896.3400268554688
2015-06-09,898.010009765625
2015-06-10,876.2100219726562
2015-06-11,880.0
2015-06-12,880.0
2015-06-15,880.0
2015-06-16,875.0
2015-06-17,860.52001953125
2015-06-18,854.27001953125
2015-06-19,850.9400024414062
2015-06-22,832.010009765625
2015-06-23,859.469970703125
2015-06-24,868.030029296875
2015-06-25,872.0
2015-06-26,866.0399780273438
2015-06-30,874.7999877929688
2015-07-01,867.3900146484375
2015-07-02,868.0499877929688
2015-07-03,875.0
2015-07-06,870.0
2015-07-07,855.1799926757812
2015-07-08,853.969970703125
2015-07-09,851.260009765625
2015-07-10,865.0
2015-07-13,875.0
2015-07-14,877.1900024414062
2015-07-15,885.0700073242188
2015-07-17,925.0900268554688
2015-07-20,901.0
2015-07-21,912.4299926757812
2015-07-22,905.0499877929688
2015-07-23,920.0
2015-07-24,916.1099853515624
2015-07-27,915.3699951171876
2015-07-28,909.9000244140624
2015-07-29,908.4000244140624
2015-07-30,927.22998046875
2015-07-31,920.0
2015-08-03,915.0999755859376
2015-08-04,915.1300048828124
2015-08-05,925.0
2015-08-06,932.6799926757812
2015-08-07,917.030029296875
2015-08-10,913.4299926757812
2015-08-11,925.02001953125
2015-08-12,936.02001953125
2015-08-13,941.4299926757812
2015-08-14,959.0
2015-08-17,957.9000244140624
2015-08-18,961.2000122070312
2015-08-19,954.9000244140624
2015-08-20,934.010009765625
2015-08-21,949.8300170898438
2015-08-24,944.010009765625
2015-08-25,925.0
2015-08-26,937.6699829101562
2015-08-27,936.6099853515624
2015-08-28,958.9099731445312
2015-08-31,961.510009765625
2015-09-01,971.5399780273438
2015-09-02,964.9400024414062
2015-09-03,994.5
2015-09-04,998.0
2015-09-07,974.8499755859376
2015-09-08,970.0
2015-09-09,968.5999755859376
2015-09-10,949.8200073242188
2015-09-11,940.0
2015-09-14,952.6500244140624
2015-09-15,947.4600219726562
2015-09-16,959.8300170898438
2015-09-17,969.9000244140624
2015-09-21,976.5599975585938
2015-09-22,975.0
2015-09-23,969.9600219726562
2015-09-24,970.0399780273438
2015-09-25,968.3699951171876
2015-09-28,960.0
2015-09-29,945.1199951171876
2015-09-30,960.2899780273438
2015-10-01,967.6400146484376
2015-10-02,976.1199951171876
2015-10-05,981.8099975585938
2015-10-06,994.8099975585938
2015-10-07,1000.0
2015-10-08,1002.7999877929688
2015-10-09,1002.5999755859376
2015-10-13,1004.2000122070312
2015-10-14,980.9500122070312
2015-10-15,983.25
2015-10-16,990.0
2015-10-19,993.0
2015-10-20,985.0
2015-10-21,988.1799926757812
2015-10-22,979.1799926757812
2015-10-23,990.0
2015-10-26,998.9600219726562
2015-10-27,1004.2000122070312
2015-10-28,989.6500244140624
2015-10-29,989.6199951171876
2015-10-30,993.2899780273438
2015-11-02,999.3099975585938
2015-11-03,1000.0999755859376
2015-11-04,1010.7999877929688
2015-11-05,1005.0
2015-11-06,990.760009765625
2015-11-09,998.8699951171876
2015-11-10,1014.2999877929688
2015-11-11,1010.9000244140624
2015-11-12,1019.5
2015-11-13,1017.7000122070312
2015-11-16,999.1099853515624
2015-11-17,995.0
2015-11-18,992.02001953125
2015-11-19,994.0
2015-11-20,990.0
2015-11-23,989.989990234375
2015-11-24,989.0
2015-11-25,975.25
2015-11-26,975.489990234375
2015-11-27,975.0800170898438
2015-11-30,963.52001953125
2015-12-01,957.989990234375
2015-12-02,960.0
2015-12-03,947.2000122070312
2015-12-04,944.1799926757812
2015-12-07,955.3200073242188
2015-12-09,990.0
2015-12-10,983.1400146484376
2015-12-11,975.4099731445312
2015-12-14,981.0
2015-12-15,976.010009765625
2015-12-16,975.5399780273438
2015-12-17,987.9600219726562
2015-12-18,982.6699829101562
2015-12-21,974.969970703125
2015-12-22,976.3400268554688
2015-12-23,974.9000244140624
2015-12-24,974.6799926757812
2015-12-28,974.6799926757812
2015-12-29,963.75
2015-12-30,970.8400268554688
2015-12-31,970.7899780273438
2016-01-04,970.7899780273438
2016-01-05,962.0700073242188
2016-01-06,951.530029296875
2016-01-07,937.280029296875
2016-01-08,948.6699829101562
2016-01-11,935.8599853515624
2016-01-12,940.9500122070312
2016-01-13,948.969970703125
2016-01-14,961.8800048828124
2016-01-15,976.0
2016-01-18,973.97998046875
2016-01-19,974.0
2016-01-20,977.260009765625
2016-01-21,961.6900024414062
2016-01-22,967.3300170898438
2016-01-25,971.4199829101562
2016-01-26,969.9099731445312
2016-01-27,962.0
2016-01-28,961.9000244140624
2016-01-29,979.989990234375
2016-02-01,981.3200073242188
2016-02-02,995.0
2016-02-03,977.0999755859376
2016-02-04,982.0999755859376
2016-02-05,1028.699951171875
2016-02-08,1004.2999877929688
2016-02-09,1010.0
2016-02-10,1040.0
2016-02-11,1042.199951171875
2016-02-12,1039.9000244140623
2016-02-15,1044.9000244140623
2016-02-16,1044.9000244140623
2016-02-17,1046.9000244140623
2016-02-18,1035.800048828125
2016-02-19,1039.9000244140623
2016-02-22,1045.0
2016-02-23,1054.0999755859377
2016-02-24,1045.699951171875
2016-02-25,1049.4000244140623
2016-02-26,1054.4000244140623
2016-02-29,1044.699951171875
2016-03-01,1054.199951171875
2016-03-02,1054.0
2016-03-03,1050.300048828125
2016-03-04,1045.0999755859377
2016-03-07,1037.0
2016-03-08,1032.4000244140623
2016-03-09,1046.5
2016-03-10,1049.0
2016-03-11,1048.9000244140623
2016-03-14,1060.0
2016-03-15,1045.0
2016-03-16,1057.5
2016-03-17,1060.0999755859377
2016-03-18,1090.0
2016-03-21,1110.800048828125
2016-03-22,1090.800048828125
2016-03-23,1111.0999755859377
2016-03-24,1100.9000244140623
2016-03-28,1100.9000244140623
2016-03-29,1104.699951171875
2016-03-30,1110.0
2016-03-31,1091.300048828125
2016-04-01,1097.0999755859377
2016-04-04,1104.5
2016-04-05,1106.0
2016-04-06,1110.4000244140623
2016-04-07,1092.0
2016-04-08,1109.0
2016-04-11,1107.0
2016-04-12,1101.300048828125
2016-04-13,1102.0999755859377
2016-04-14,1119.800048828125
2016-04-15,1121.800048828125
2016-04-18,1102.699951171875
2016-04-19,1130.0
2016-04-20,1119.5
2016-04-21,1125.5
2016-04-22,1121.5
2016-04-25,1133.300048828125
2016-04-26,1119.0
2016-04-27,1131.800048828125
2016-04-28,1134.800048828125
2016-04-29,1149.0999755859375
2016-05-02,1147.699951171875
2016-05-03,1142.199951171875
2016-05-04,1144.5999755859375
2016-05-05,1146.800048828125
2016-05-06,1152.199951171875
2016-05-09,1149.9000244140625
2016-05-10,1146.5999755859375
2016-05-11,1150.0
2016-05-12,1143.300048828125
2016-05-13,1154.0
2016-05-16,1154.0999755859375
2016-05-17,1151.9000244140625
2016-05-18,1149.0
2016-05-19,1144.0999755859375
2016-05-20,1135.0999755859375
2016-05-23,1108.9000244140623
2016-05-24,1116.5
2016-05-25,1120.0
2016-05-26,1131.4000244140625
2016-05-27,1128.0999755859375
2016-05-30,1132.699951171875
2016-05-31,1122.0
2016-06-01,1121.5999755859377
2016-06-02,1116.5
2016-06-03,1125.0999755859377
2016-06-06,1150.0
2016-06-07,1141.0
2016-06-08,1127.300048828125
2016-06-09,1135.0
2016-06-10,1135.0
2016-06-13,1120.0
2016-06-14,1112.0
2016-06-15,1115.5
2016-06-16,1112.699951171875
2016-06-17,1108.9000244140623
2016-06-20,1117.300048828125
2016-06-21,1117.300048828125
2016-06-22,1127.699951171875
2016-06-23,1118.699951171875
2016-06-24,1122.0
2016-06-28,1115.5
2016-06-29,1093.0
2016-06-30,1115.0
2016-07-01,1133.0
2016-07-04,1154.800048828125
2016-07-05,1152.4000244140625
2016-07-06,1160.0
2016-07-07,1159.199951171875
2016-07-08,1168.0
2016-07-11,1180.0
2016-07-12,1213.300048828125
2016-07-13,1228.4000244140625
2016-07-14,1208.800048828125
2016-07-15,1203.0
2016-07-18,1198.300048828125
2016-07-19,1213.199951171875
2016-07-20,1234.5
2016-07-21,1214.800048828125
2016-07-22,1217.199951171875
2016-07-25,1223.0
2016-07-26,1224.800048828125
2016-07-27,1229.9000244140625
2016-07-28,1230.199951171875
2016-07-29,1215.300048828125
2016-08-01,1216.4000244140625
2016-08-02,1226.0999755859375
2016-08-03,1221.9000244140625
2016-08-04,1216.4000244140625
2016-08-05,1222.300048828125
2016-08-08,1213.199951171875
2016-08-09,1219.4000244140625
2016-08-10,1216.0
2016-08-11,1217.800048828125
2016-08-12,1216.5999755859375
2016-08-16,1213.800048828125
2016-08-17,1190.0999755859375
2016-08-18,1133.300048828125
2016-08-19,1167.0999755859375
2016-08-22,1190.0
2016-08-23,1160.0999755859375
2016-08-24,1166.5
2016-08-25,1164.5
2016-08-26,1161.0
2016-08-29,1160.4000244140625
2016-08-30,1170.0
2016-08-31,1160.800048828125
2016-09-01,1154.0
2016-09-02,1156.4000244140625
2016-09-05,1149.9000244140625
2016-09-06,1151.4000244140625
2016-09-07,1148.5999755859375
2016-09-08,1137.0
2016-09-09,1107.5999755859377
2016-09-12,1080.800048828125
2016-09-13,1052.800048828125
2016-09-14,1066.699951171875
2016-09-15,1065.0
2016-09-16,1048.0
2016-09-20,1045.800048828125
2016-09-21,1044.9000244140623
2016-09-22,1059.5
2016-09-23,1070.699951171875
2016-09-26,1059.199951171875
2016-09-27,1045.199951171875
2016-09-28,1029.800048828125
2016-09-29,1035.0
2016-09-30,1040.0
2016-10-03,1035.4000244140623
2016-10-04,1041.5999755859377
2016-10-05,1053.5999755859377
2016-10-06,1048.5999755859377
2016-10-07,1063.5
2016-10-11,1104.4000244140623
2016-10-12,1114.199951171875
2016-10-13,1123.5999755859377
2016-10-14,1121.5
2016-10-17,1134.5
2016-10-18,1115.800048828125
2016-10-19,1111.0999755859377
2016-10-20,1132.9000244140625
2016-10-21,1131.5
2016-10-24,1122.5
2016-10-25,1130.0999755859375
2016-10-26,1132.199951171875
2016-10-27,1138.9000244140625
2016-10-28,1140.9000244140625
2016-11-02,1159.0
2016-11-03,1150.300048828125
2016-11-04,1125.300048828125
2016-11-07,1118.300048828125
2016-11-08,1125.4000244140623
2016-11-09,1133.5999755859375
2016-11-10,1145.5
2016-11-11,1108.800048828125
2016-11-14,1113.699951171875
2016-11-15,1095.4000244140623
2016-11-16,1105.800048828125
2016-11-17,1100.699951171875
2016-11-18,1114.4000244140623
2016-11-21,1142.699951171875
2016-11-22,1112.199951171875
2016-11-23,1094.5999755859377
2016-11-24,1069.5999755859377
2016-11-25,1075.0
2016-11-28,1085.5999755859377
2016-11-29,1098.5999755859377
2016-11-30,1093.5
2016-12-01,1081.0
2016-12-02,1069.9000244140623
2016-12-05,1077.4000244140623
2016-12-06,1076.0999755859377
2016-12-07,1070.0
2016-12-09,1064.199951171875
2016-12-12,1060.0
2016-12-13,1063.5999755859377
2016-12-14,1054.0
2016-12-15,1053.9000244140623
2016-12-16,1057.300048828125
2016-12-19,1049.0999755859377
2016-12-20,1048.0999755859377
2016-12-21,1046.9000244140623
2016-12-22,1040.0
2016-12-23,1049.300048828125
2016-12-26,1021.5999755859376
2016-12-27,1019.9000244140624
2016-12-28,1011.2000122070312
2016-12-29,1029.0
2016-12-30,1042.5999755859377
2017-01-03,1060.0
2017-01-04,1054.0
2017-01-05,1058.4000244140623
2017-01-06,1065.0999755859377
2017-01-09,1057.300048828125
2017-01-10,1046.4000244140623
2017-01-11,1044.4000244140623
2017-01-12,1055.699951171875
2017-01-13,1050.0
2017-01-16,1047.0
2017-01-17,1049.0
2017-01-18,1075.0
2017-01-19,1060.0
2017-01-20,1055.0
2017-01-23,1050.0
2017-01-24,1050.0
2017-01-25,1043.0
2017-01-26,1075.0
2017-01-27,1095.0
2017-01-30,1078.0
2017-01-31,1062.0
2017-02-01,1071.0
2017-02-02,1108.0
2017-02-03,1130.0
2017-02-06,1125.0
2017-02-07,1125.0
2017-02-08,1128.4000244140625
2017-02-09,1139.0
2017-02-10,1138.0
2017-02-13,1145.0
2017-02-14,1143.0
2017-02-15,1140.0
2017-02-16,1144.9000244140625
2017-02-17,1132.0
2017-02-20,1134.0
2017-02-21,1135.0
2017-02-22,1129.0
2017-02-23,1133.0
2017-02-24,1125.0999755859377
2017-02-27,1130.0
2017-02-28,1125.0
2017-03-01,1125.0
2017-03-02,1125.0999755859377
2017-03-03,1130.0
2017-03-06,1141.0
2017-03-07,1140.0999755859375
2017-03-08,1150.0
2017-03-09,1141.0
2017-03-10,1131.0
2017-03-13,1158.5
2017-03-14,1153.800048828125
2017-03-15,1163.9000244140625
2017-03-16,1168.0
2017-03-17,1180.0
2017-03-20,1186.0
2017-03-21,1195.0
2017-03-22,1174.0
2017-03-23,1185.0
2017-03-24,1190.0
2017-03-27,1180.0
2017-03-28,1176.0
2017-03-29,1195.5
2017-03-30,1240.0
2017-03-31,1222.0
2017-04-03,1223.0
2017-04-04,1230.0
2017-04-05,1242.0
2017-04-06,1235.199951171875
2017-04-07,1257.0
2017-04-10,1240.0
2017-04-11,1242.0
2017-04-12,1230.0
2017-04-13,1227.0
2017-04-17,1259.5
2017-04-18,1240.0
2017-04-19,1243.199951171875
2017-04-20,1241.0
2017-04-21,1233.5
2017-04-24,1220.199951171875
2017-04-25,1235.0
2017-04-26,1250.0
2017-04-27,1248.0
2017-04-28,1243.4000244140625
2017-05-02,1222.0
2017-05-03,1225.0
2017-05-04,1238.0
2017-05-05,1236.0
2017-05-08,1232.199951171875
2017-05-09,1223.699951171875
2017-05-10,1220.0
2017-05-11,1218.0
2017-05-12,1216.5
2017-05-15,1208.0
2017-05-16,1215.0
2017-05-17,1228.0
2017-05-18,1200.0
2017-05-19,1198.0
2017-05-22,1179.0
2017-05-23,1175.0
2017-05-24,1185.0
2017-05-25,1205.0
2017-05-29,1175.0
2017-05-30,1212.0
2017-05-31,1216.0
2017-06-01,1220.0
2017-06-02,1200.0
2017-06-05,1201.0
2017-06-06,1173.0
2017-06-07,1203.199951171875
2017-06-08,1192.0
2017-06-09,1199.0999755859375
2017-06-12,1193.5999755859375
2017-06-13,1210.0
2017-06-14,1215.0
2017-06-15,1220.0
2017-06-16,1210.0
2017-06-19,1230.0
2017-06-20,1230.0
2017-06-21,1230.0
2017-06-22,1207.0
2017-06-23,1190.0
2017-06-27,1205.0
2017-06-28,1220.0
2017-06-29,1200.300048828125
2017-06-30,1210.300048828125
2017-07-03,1213.199951171875
2017-07-04,1220.0
2017-07-05,1210.0
2017-07-06,1205.199951171875
2017-07-07,1238.9000244140625
2017-07-10,1274.300048828125
2017-07-11,1292.0
2017-07-12,1314.4000244140625
2017-07-13,1320.0
2017-07-14,1338.0
2017-07-17,1314.800048828125
2017-07-18,1362.0
2017-07-19,1377.0
2017-07-20,1374.5999755859375
2017-07-21,1367.0999755859375
2017-07-24,1348.9000244140625
2017-07-25,1342.0
2017-07-26,1350.0
2017-07-27,1367.0
2017-07-28,1395.0
2017-07-31,1402.0
2017-08-01,1411.0
2017-08-02,1390.0
2017-08-03,1385.0
2017-08-04,1350.0
2017-08-07,1360.0
2017-08-08,1360.0
2017-08-09,1330.0
2017-08-10,1322.0
2017-08-11,1313.199951171875
2017-08-14,1330.0
2017-08-16,1319.800048828125
2017-08-17,1325.0
2017-08-18,1334.5
2017-08-21,1300.0
2017-08-22,1309.0
2017-08-23,1310.0
2017-08-24,1314.9000244140625
2017-08-25,1316.0
2017-08-28,1315.0
2017-08-29,1310.0
2017-08-30,1310.0
2017-08-31,1339.699951171875
2017-09-01,1334.0
2017-09-04,1334.0
2017-09-05,1324.199951171875
2017-09-06,1325.0
2017-09-07,1314.5
2017-09-08,1300.0
2017-09-11,1315.0
2017-09-12,1320.0
2017-09-13,1301.0
2017-09-14,1300.0
2017-09-15,1315.0
2017-09-20,1315.800048828125
2017-09-21,1320.0
2017-09-22,1325.0
2017-09-25,1380.0
2017-09-26,1380.0
2017-09-27,1372.800048828125
2017-09-28,1363.9000244140625
2017-09-29,1367.0999755859375
2017-10-02,1378.800048828125
2017-10-03,1364.0
2017-10-04,1347.0
2017-10-05,1349.0
2017-10-06,1350.0
2017-10-10,1384.0
2017-10-11,1365.0
2017-10-12,1343.0
2017-10-13,1322.0
2017-10-16,1325.0999755859375
2017-10-17,1340.0
2017-10-18,1330.0
2017-10-19,1345.0
2017-10-20,1327.0
2017-10-23,1310.0
2017-10-24,1316.0
2017-10-25,1320.0
2017-10-26,1320.0
2017-10-30,1330.0
2017-10-31,1376.0
2017-11-02,1353.9000244140625
2017-11-03,1307.0999755859375
2017-11-06,1335.0
2017-11-07,1325.0
2017-11-08,1330.0
2017-11-09,1350.0
2017-11-10,1315.0
2017-11-13,1330.0
2017-11-14,1326.300048828125
2017-11-15,1325.0
2017-11-16,1318.0
2017-11-17,1300.0
2017-11-20,1261.0
2017-11-21,1300.0
2017-11-22,1291.0
2017-11-23,1250.0
2017-11-24,1210.0999755859375
2017-11-27,1225.0
2017-11-28,1205.0
2017-11-29,1208.699951171875
2017-11-30,1175.0
2017-12-01,1197.0
2017-12-04,1191.0
2017-12-05,1221.0
2017-12-06,1193.0
2017-12-07,1163.5
2017-12-11,1155.0
2017-12-12,1167.0999755859375
2017-12-13,1200.0
2017-12-14,1225.9000244140625
2017-12-15,1200.0999755859375
2017-12-18,1290.0999755859375
2017-12-19,1350.0
2017-12-20,1325.300048828125
2017-12-21,1350.0
2017-12-22,1367.9000244140625
2017-12-26,1334.0
2017-12-27,1358.0
2017-12-28,1330.0999755859375
2017-12-29,1330.0
2018-01-02,1311.0
2018-01-03,1315.0
2018-01-04,1340.0
2018-01-05,1350.0
2018-01-08,1340.0
2018-01-09,1350.800048828125
2018-01-10,1350.0
2018-01-11,1345.0
2018-01-12,1359.699951171875
2018-01-15,1350.0
2018-01-17,1350.0
2018-01-18,1379.800048828125
2018-01-19,1358.0
2018-01-22,1300.300048828125
2018-01-23,1370.0
2018-01-24,1318.0
2018-01-25,1311.0
2018-01-26,1305.0999755859375
2018-01-29,1349.9000244140625
2018-01-30,1330.0
2018-01-31,1340.0
2018-02-01,1335.0
2018-02-02,1360.0
2018-02-05,1348.0
2018-02-06,1340.0
2018-02-07,1305.9000244140625
2018-02-08,1318.0
2018-02-09,1353.9000244140625
2018-02-12,1355.0
2018-02-13,1315.0
2018-02-14,1312.0999755859375
2018-02-15,1322.9000244140625
2018-02-16,1322.300048828125
2018-02-19,1315.0999755859375
2018-02-20,1335.199951171875
2018-02-21,1330.0
2018-02-22,1358.0
2018-02-23,1340.0
2018-02-26,1347.300048828125
2018-02-27,1343.0
2018-02-28,1340.9000244140625
2018-03-01,1344.0
2018-03-02,1320.0
2018-03-05,1315.0
2018-03-06,1312.0
2018-03-07,1324.800048828125
2018-03-08,1305.0999755859375
2018-03-09,1330.0
2018-03-12,1350.0
2018-03-13,1342.4000244140625
2018-03-14,1357.5999755859375
2018-03-15,1379.0
2018-03-16,1355.199951171875
2018-03-19,1331.5999755859375
2018-03-20,1332.5999755859375
2018-03-21,1275.0
2018-03-22,1305.0
2018-03-23,1308.199951171875
2018-03-26,1270.0
2018-03-27,1283.300048828125
2018-03-28,1277.0
2018-03-29,1280.0
2018-04-02,1330.0
2018-04-03,1309.9000244140625
2018-04-04,1300.0
2018-04-05,1300.0
2018-04-06,1286.0
2018-04-09,1270.0
2018-04-10,1260.0
2018-04-11,1268.9000244140625
2018-04-12,1295.0
2018-04-13,1286.0
2018-04-16,1257.0
2018-04-17,1251.0
2018-04-18,1266.0
2018-04-19,1285.0
2018-04-20,1300.0
2018-04-23,1300.0
2018-04-24,1298.0
2018-04-25,1300.0
2018-04-26,1300.0
2018-04-27,1325.0
2018-04-30,1295.0
2018-05-02,1323.5
2018-05-03,1350.0
2018-05-04,1344.5
2018-05-07,1310.0
2018-05-08,1340.0
2018-05-09,1335.9000244140625
2018-05-10,1333.0
2018-05-11,1340.0
2018-05-14,1330.0
2018-05-15,1344.800048828125
2018-05-16,1312.0999755859375
2018-05-17,1365.0
2018-05-18,1350.0
2018-05-22,1332.0999755859375
2018-05-23,1330.0
2018-05-24,1360.0
2018-05-25,1333.300048828125
2018-05-28,1340.0999755859375
2018-05-29,1333.9000244140625
2018-05-30,1300.0
2018-05-31,1264.0
2018-06-01,1268.0
2018-06-04,1290.0
2018-06-05,1284.0
2018-06-06,1260.0
2018-06-07,1248.0
2018-06-08,1216.9000244140625
2018-06-11,1254.0
2018-06-12,1259.0
2018-06-13,1230.9000244140625
2018-06-14,1270.0
2018-06-15,1250.0999755859375
2018-06-18,1275.0
2018-06-19,1260.0
2018-06-20,1260.0
2018-06-21,1222.0
2018-06-22,1235.0
2018-06-25,1264.0
2018-06-26,1218.0
2018-06-27,1209.4000244140625
2018-06-28,1200.0
2018-06-29,1202.0999755859375
2018-07-03,1200.4000244140625
2018-07-04,1196.0
2018-07-05,1197.0
2018-07-06,1203.9000244140625
2018-07-09,1202.5
2018-07-10,1217.0999755859375
2018-07-11,1218.0
2018-07-12,1235.300048828125
2018-07-13,1232.0
2018-07-17,1214.9000244140625
2018-07-18,1242.0
2018-07-19,1278.0
2018-07-20,1290.0
2018-07-23,1300.0
2018-07-24,1293.5999755859375
2018-07-25,1300.0
2018-07-26,1309.0
2018-07-27,1277.199951171875
2018-07-30,1295.0
2018-07-31,1310.0
2018-08-01,1301.0
2018-08-02,1297.699951171875
2018-08-03,1303.0
2018-08-06,1295.0
2018-08-07,1277.0
2018-08-08,1285.0
2018-08-09,1286.0
2018-08-10,1259.0999755859375
2018-08-13,1246.0
2018-08-14,1231.0
2018-08-16,1241.9000244140625
2018-08-17,1236.300048828125
2018-08-20,1249.800048828125
2018-08-21,1247.0999755859375
2018-08-22,1239.0
2018-08-23,1255.0
2018-08-24,1259.5
2018-08-27,1237.4000244140625
2018-08-28,1279.0
2018-08-29,1281.0
2018-08-30,1276.0
2018-08-31,1265.0
2018-09-03,1245.0999755859375
2018-09-04,1247.199951171875
2018-09-05,1214.9000244140625
2018-09-06,1235.4000244140625
2018-09-07,1240.0
2018-09-10,1251.9000244140625
2018-09-11,1249.699951171875
2018-09-12,1235.9000244140625
2018-09-13,1297.9000244140625
2018-09-14,1260.0
2018-09-20,1270.0
2018-09-21,1269.5
2018-09-24,1240.0
2018-09-25,1258.699951171875
2018-09-26,1258.699951171875
2018-09-27,1252.0
2018-09-28,1243.0999755859375
2018-10-01,1275.0
2018-10-02,1250.0
2018-10-03,1279.699951171875
2018-10-04,1260.0
2018-10-05,1235.9000244140625
2018-10-08,1256.199951171875
2018-10-09,1250.0
2018-10-10,1245.0
2018-10-11,1221.0
2018-10-12,1200.300048828125
2018-10-16,1199.0
2018-10-17,1180.0
2018-10-18,1168.800048828125
2018-10-19,1155.5999755859375
2018-10-22,1185.0
2018-10-23,1167.5999755859375
2018-10-24,1175.300048828125
2018-10-25,1180.0
2018-10-26,1190.0
2018-10-29,1193.9000244140625
2018-10-30,1150.0
2018-10-31,1150.0999755859375
2018-11-05,1157.800048828125
2018-11-06,1181.0
2018-11-07,1207.0
2018-11-08,1270.0
2018-11-09,1251.5999755859375
2018-11-12,1260.0
2018-11-13,1265.0
2018-11-14,1280.0
2018-11-15,1262.0
2018-11-16,1260.0
2018-11-19,1265.0
2018-11-20,1241.199951171875
2018-11-21,1225.0
2018-11-22,1220.0
2018-11-23,1250.0999755859375
2018-11-26,1235.0
2018-11-27,1212.0
2018-11-28,1250.0
2018-11-29,1240.0
2018-11-30,1249.800048828125
2018-12-03,1276.0
2018-12-04,1261.0
2018-12-05,1273.5
2018-12-06,1277.9000244140625
2018-12-07,1280.0
2018-12-10,1276.0
2018-12-11,1273.699951171875
2018-12-12,1278.9000244140625
2018-12-13,1293.5
2018-12-14,1299.0
2018-12-17,1312.0
2018-12-18,1312.0
2018-12-19,1304.0
2018-12-20,1285.0
2018-12-21,1250.0
2018-12-24,1265.0
2018-12-26,1275.0
2018-12-27,1256.0
2018-12-28,1270.0
2019-01-02,1265.0
2019-01-03,1271.0
2019-01-04,1280.0
2019-01-07,1279.0
2019-01-08,1280.0
2019-01-09,1288.0
2019-01-10,1288.0
2019-01-11,1310.0
2019-01-14,1323.9000244140625
2019-01-15,1314.0
2019-01-16,1310.0999755859375
2019-01-17,1330.0
2019-01-18,1350.0
2019-01-21,1340.0
2019-01-22,1309.0
2019-01-23,1310.0
2019-01-24,1302.0
2019-01-25,1310.0
2019-01-28,1305.0
2019-01-29,1305.0
2019-01-30,1305.0
2019-01-31,1320.0
2019-02-01,1339.0
2019-02-04,1336.0
2019-02-05,1327.0
2019-02-06,1340.0
2019-02-07,1347.0
2019-02-08,1324.0
2019-02-11,1301.5999755859375
2019-02-12,1304.9000244140625
2019-02-13,1317.0
2019-02-14,1310.0
2019-02-15,1305.0999755859375
2019-02-18,1305.0
2019-02-19,1304.0999755859375
2019-02-20,1317.0
2019-02-21,1312.800048828125
2019-02-22,1319.9000244140625
2019-02-25,1308.0999755859375
2019-02-26,1314.0
2019-02-27,1297.0
2019-02-28,1309.0
2019-03-01,1300.0
2019-03-04,1285.0999755859375
2019-03-05,1289.0999755859375
2019-03-06,1288.9000244140625
2019-03-07,1294.800048828125
2019-03-08,1274.800048828125
2019-03-11,1275.0
2019-03-12,1278.0
2019-03-13,1283.9000244140625
2019-03-14,1295.0
2019-03-15,1295.0
2019-03-18,1309.9000244140625
2019-03-19,1295.0
2019-03-20,1290.0999755859375
2019-03-21,1299.9000244140625
2019-03-22,1270.0
2019-03-25,1280.0
2019-03-26,1287.0
2019-03-27,1286.0
2019-03-28,1285.0
2019-03-29,1309.5
2019-04-01,1302.0
2019-04-02,1295.0
2019-04-03,1291.0
2019-04-04,1320.0
2019-04-05,1325.0
2019-04-08,1327.9000244140625
2019-04-09,1325.0
2019-04-10,1321.0
2019-04-11,1310.0
2019-04-12,1325.0999755859375
2019-04-15,1325.0
2019-04-16,1312.5
2019-04-17,1320.0
2019-04-18,1301.0
2019-04-22,1300.0999755859375
2019-04-23,1306.199951171875
2019-04-24,1287.0
2019-04-25,1290.0
2019-04-26,1289.0
2019-04-29,1290.0
2019-04-30,1299.0
2019-05-02,1280.199951171875
2019-05-03,1285.0
2019-05-06,1280.0
2019-05-07,1269.800048828125
2019-05-08,1253.0
2019-05-09,1249.0
2019-05-10,1235.0
2019-05-13,1226.0
2019-05-14,1249.9000244140625
2019-05-15,1229.699951171875
2019-05-16,1227.9000244140625
2019-05-17,1226.9000244140625
2019-05-20,1212.800048828125
2019-05-22,1190.0
2019-05-23,1170.0
2019-05-24,1180.199951171875
2019-05-27,1188.0
2019-05-28,1165.0
2019-05-29,1182.0
2019-05-30,1173.0
2019-05-31,1180.0
2019-06-03,1204.5999755859375
2019-06-04,1220.0
2019-06-05,1222.0
2019-06-06,1218.9000244140625
2019-06-07,1218.0
2019-06-10,1240.0999755859375
2019-06-11,1274.0
2019-06-12,1268.0
2019-06-13,1251.0
2019-06-14,1265.0
2019-06-17,1248.0
2019-06-18,1248.0
2019-06-19,1228.0999755859375
2019-06-20,1221.0
2019-06-21,1267.9000244140625
2019-06-24,1290.0
2019-06-25,1289.0
2019-06-26,1278.0
2019-06-27,1273.0
2019-06-28,1249.0
2019-07-01,1237.0
2019-07-02,1211.0
2019-07-03,1219.0
2019-07-04,1238.0
2019-07-05,1240.0
2019-07-08,1237.0
2019-07-09,1235.0
2019-07-10,1237.0999755859375
2019-07-11,1233.0
2019-07-12,1238.0
2019-07-15,1220.0
2019-07-17,1225.0
2019-07-18,1218.0
2019-07-19,1220.0
2019-07-22,1205.9000244140625
2019-07-23,1209.9000244140625
2019-07-24,1204.0
2019-07-25,1248.0
2019-07-26,1248.0999755859375
2019-07-29,1249.9000244140625
2019-07-30,1235.0
2019-07-31,1240.0
2019-08-01,1222.0
2019-08-02,1243.0
2019-08-05,1225.0
2019-08-06,1224.0999755859375
2019-08-07,1213.5
2019-08-08,1215.0
2019-08-09,1213.5
2019-08-12,1195.0
2019-08-13,1200.0
2019-08-14,1204.0
2019-08-16,1193.0999755859375
2019-08-19,1200.0
2019-08-20,1189.9000244140625
2019-08-21,1188.0
2019-08-22,1170.199951171875
2019-08-23,1170.0
2019-08-26,1141.0
2019-08-27,1130.800048828125
2019-08-28,1164.9000244140625
2019-08-29,1199.9000244140625
2019-08-30,1233.0
2019-09-02,1210.0
2019-09-03,1204.5999755859375
2019-09-04,1211.0
2019-09-05,1241.300048828125
2019-09-06,1235.9000244140625
2019-09-09,1222.0
2019-09-10,1227.199951171875
2019-09-11,1242.0
2019-09-12,1255.0
2019-09-13,1288.9000244140625
2019-09-16,1282.0
2019-09-17,1299.9000244140625
2019-09-23,1290.0
2019-09-24,1275.800048828125
2019-09-25,1260.0
2019-09-26,1281.0
2019-09-27,1290.0
2019-09-30,1290.0
2019-10-01,1279.0
2019-10-02,1268.9000244140625
2019-10-03,1250.0
2019-10-04,1263.0
2019-10-07,1278.5
2019-10-08,1271.0
2019-10-09,1256.5
2019-10-10,1275.0
2019-10-11,1279.0
2019-10-14,1268.9000244140625
2019-10-15,1269.699951171875
2019-10-16,1250.0
2019-10-17,1270.0
2019-10-18,1295.0
2019-10-21,1200.0
2019-10-22,1177.0
2019-10-23,1158.0
2019-10-24,1195.0
2019-10-25,1151.0
2019-10-28,1130.0999755859375
2019-10-29,1110.0
2019-10-30,1100.0
2019-11-04,1095.5999755859377
2019-11-05,1050.0
2019-11-06,1025.0
2019-11-07,1040.699951171875
2019-11-08,1070.0
2019-11-11,1040.0
2019-11-12,1007.9000244140624
2019-11-13,980.010009765625
2019-11-14,970.010009765625
2019-11-15,1137.800048828125
2019-11-18,1128.0
2019-11-19,1113.800048828125
2019-11-20,1104.9000244140623
2019-11-21,1077.9000244140623
2019-11-22,1055.0
2019-11-25,1049.300048828125
2019-11-26,1020.0
2019-11-27,1009.0
2019-11-28,1030.0
2019-11-29,1000.0
2019-12-02,990.0
2019-12-03,985.0
2019-12-04,1015.0999755859376
2019-12-05,1080.0
2019-12-06,1100.0
2019-12-09,1075.0
2019-12-10,1125.0
2019-12-11,1133.0
2019-12-12,1149.0
2019-12-13,1167.9000244140625
2019-12-16,1150.0
2019-12-17,1128.9000244140625
2019-12-18,1130.0
2019-12-19,1124.0
2019-12-20,1128.0
2019-12-23,1123.9000244140623
2019-12-24,1130.0
2019-12-26,1130.0
2019-12-27,1119.0
2019-12-30,1145.0
2020-01-02,1195.0
2020-01-03,1160.0
2020-01-06,1185.800048828125
2020-01-07,1185.0
2020-01-08,1189.9000244140625
2020-01-09,1184.0
2020-01-10,1214.9000244140625
2020-01-13,1192.0
2020-01-14,1183.9000244140625
2020-01-15,1193.0
2020-01-16,1228.9000244140625
2020-01-17,1227.0
2020-01-20,1200.0
2020-01-21,1175.0
2020-01-22,1160.0
2020-01-23,1149.5999755859375
2020-01-24,1125.0
2020-01-27,1120.0
2020-01-28,1125.0
2020-01-29,1108.0
2020-01-30,1090.0
2020-01-31,1120.0999755859377
2020-02-03,1140.0
2020-02-04,1150.0
2020-02-05,1144.0
2020-02-06,1111.0
2020-02-07,1110.0
2020-02-10,1095.0999755859377
2020-02-11,1099.9000244140623
2020-02-12,1133.300048828125
2020-02-13,1145.0
2020-02-14,1148.0
2020-02-17,1149.0999755859375
2020-02-18,1116.0
2020-02-19,1147.0
2020-02-20,1120.0999755859377
2020-02-21,1115.0
2020-02-24,1120.0
2020-02-25,1086.0999755859377
2020-02-26,1080.0
2020-02-27,1080.0
2020-02-28,1054.800048828125
2020-03-02,1050.0
2020-03-03,1087.0
2020-03-04,1055.0
2020-03-05,1050.0
2020-03-06,1045.0
2020-03-09,1015.0
2020-03-10,1020.0
2020-03-11,991.0
2020-03-12,950.010009765625
2020-03-13,952.0
2020-03-16,760.0
2020-03-17,864.0
2020-03-18,812.989990234375
2020-03-19,877.5499877929688
2020-03-20,950.0
2020-03-23,846.0
2020-03-24,820.0
2020-03-25,864.0
2020-03-26,922.02001953125
2020-03-27,914.5
2020-03-30,870.0
2020-03-31,944.0
2020-04-01,909.989990234375
2020-04-02,965.0
2020-04-03,965.0
2020-04-06,1025.0
2020-04-07,1009.0
2020-04-08,1006.2000122070312
2020-04-09,989.989990234375
2020-04-13,1020.0
2020-04-14,1090.0
2020-04-15,1020.0
2020-04-16,1040.0
2020-04-17,1025.0
2020-04-20,1024.800048828125
2020-04-21,1000.0
2020-04-22,1000.0
2020-04-23,985.0
2020-04-24,960.0
2020-04-27,1026.800048828125
2020-04-28,1028.0
2020-04-29,1040.0
2020-04-30,1030.199951171875
2020-05-04,1020.0
2020-05-05,1026.0
2020-05-06,1030.0
2020-05-07,1030.0
2020-05-08,1000.0
2020-05-11,998.0
2020-05-12,980.0
2020-05-13,925.2000122070312
2020-05-14,950.0
2020-05-15,950.0
2020-05-18,950.0
2020-05-19,945.010009765625
2020-05-20,980.0999755859376
2020-05-22,1013.0
2020-05-25,1010.5
2020-05-26,1010.0
2020-05-27,985.0
2020-05-28,965.0
2020-05-29,945.0
